side,arm_atr,trailing_distance_atr,sample_count,armed_count,floor_hit_count,unarmed_count,resolved_count,unknown_count,mean_exit_gain_atr,mean_mfe_atr,mean_giveback_atr,profit_retained_ratio
LONG,0.5,0.25,13,7,7,6,13,0,0.3979,0.8251,0.4272,0.4822
SHORT,0.5,0.25,14,8,8,6,14,0,0.1625,0.5317,0.3692,0.3055
LONG,0.5,0.35,13,7,7,6,13,0,0.3440,0.8251,0.4811,0.4169
SHORT,0.5,0.35,14,8,7,6,14,0,0.1298,0.5490,0.4191,0.2365
LONG,0.5,0.5,13,7,7,6,13,0,0.2632,0.8251,0.5619,0.3190
SHORT,0.5,0.5,14,8,6,6,14,0,0.1127,0.6068,0.4941,0.1857
LONG,0.5,0.75,13,7,7,6,13,0,0.1286,0.8251,0.6965,0.1559
SHORT,0.5,0.75,14,8,6,6,14,0,0.0132,0.6145,0.6013,0.0215
LONG,0.5,1.0,13,7,6,6,13,0,0.0236,0.8251,0.8015,0.0286
SHORT,0.5,1.0,14,8,4,6,14,0,-0.0596,0.6145,0.6741,-0.0970
LONG,0.5,1.25,13,7,4,6,13,0,0.0365,0.9078,0.8713,0.0402
SHORT,0.5,1.25,14,8,4,6,14,0,-0.1310,0.6145,0.7455,-0.2133
LONG,0.75,0.25,13,7,6,6,13,0,0.3977,0.8817,0.4840,0.4510
SHORT,0.75,0.25,14,5,5,9,14,0,0.0865,0.6134,0.5269,0.1410
LONG,0.75,0.35,13,7,6,6,13,0,0.3515,0.8817,0.5302,0.3987
SHORT,0.75,0.35,14,5,4,9,14,0,0.0580,0.6134,0.5554,0.0946
LONG,0.75,0.5,13,7,6,6,13,0,0.2823,0.8817,0.5994,0.3202
SHORT,0.75,0.5,14,5,4,9,14,0,0.0151,0.6134,0.5982,0.0247
LONG,0.75,0.75,13,7,6,6,13,0,0.1669,0.8817,0.7148,0.1893
SHORT,0.75,0.75,14,5,4,9,14,0,-0.0552,0.6145,0.6696,-0.0898
LONG,0.75,1.0,13,7,5,6,13,0,0.0812,0.8817,0.8006,0.0920
SHORT,0.75,1.0,14,5,2,9,14,0,-0.0923,0.6145,0.7067,-0.1501
LONG,0.75,1.25,13,7,4,6,13,0,0.0365,0.9078,0.8713,0.0402
SHORT,0.75,1.25,14,5,2,9,14,0,-0.1280,0.6145,0.7425,-0.2083
LONG,1.0,0.25,13,6,5,7,13,0,0.3957,0.9078,0.5121,0.4359
SHORT,1.0,0.25,14,2,2,12,14,0,0.0360,0.6145,0.5785,0.0585
LONG,1.0,0.35,13,6,5,7,13,0,0.3572,0.9078,0.5506,0.3935
SHORT,1.0,0.35,14,2,2,12,14,0,0.0217,0.6145,0.5928,0.0353
LONG,1.0,0.5,13,6,5,7,13,0,0.2995,0.9078,0.6083,0.3300
SHORT,1.0,0.5,14,2,2,12,14,0,0.0003,0.6145,0.6142,0.0004
LONG,1.0,0.75,13,6,5,7,13,0,0.2034,0.9078,0.7044,0.2240
SHORT,1.0,0.75,14,2,2,12,14,0,-0.0355,0.6145,0.6499,-0.0577
LONG,1.0,1.0,13,6,5,7,13,0,0.1072,0.9078,0.8006,0.1181
SHORT,1.0,1.0,14,2,1,12,14,0,-0.0649,0.6145,0.6793,-0.1055
LONG,1.0,1.25,13,6,4,7,13,0,0.0365,0.9078,0.8713,0.0402
SHORT,1.0,1.25,14,2,1,12,14,0,-0.0827,0.6145,0.6972,-0.1346
LONG,1.25,0.25,13,5,4,8,13,0,0.3756,0.9078,0.5322,0.4138
SHORT,1.25,0.25,14,2,2,12,14,0,0.0975,0.6761,0.5785,0.1443
LONG,1.25,0.35,13,5,4,8,13,0,0.3448,0.9078,0.5630,0.3799
SHORT,1.25,0.35,14,2,2,12,14,0,0.0833,0.6761,0.5928,0.1232
LONG,1.25,0.5,13,5,4,8,13,0,0.2987,0.9078,0.6091,0.3290
SHORT,1.25,0.5,14,2,2,12,14,0,0.0618,0.6761,0.6142,0.0915
LONG,1.25,0.75,13,5,4,8,13,0,0.2217,0.9078,0.6860,0.2443
SHORT,1.25,0.75,14,2,2,12,14,0,0.0261,0.6761,0.6499,0.0386
LONG,1.25,1.0,13,5,4,8,13,0,0.1448,0.9078,0.7630,0.1595
SHORT,1.25,1.0,14,2,1,12,14,0,-0.0033,0.6761,0.6793,-0.0049
LONG,1.25,1.25,13,5,3,8,13,0,0.0933,0.9078,0.8145,0.1028
SHORT,1.25,1.25,14,2,1,12,14,0,-0.0211,0.6761,0.6972,-0.0313
LONG,1.5,0.25,13,2,2,11,13,0,0.2852,0.9078,0.6226,0.3142
SHORT,1.5,0.25,14,1,1,13,14,0,0.0503,0.6761,0.6258,0.0744
LONG,1.5,0.35,13,2,2,11,13,0,0.2698,0.9078,0.6380,0.2972
SHORT,1.5,0.35,14,1,1,13,14,0,0.0431,0.6761,0.6329,0.0638
LONG,1.5,0.5,13,2,2,11,13,0,0.2467,0.9078,0.6610,0.2718
SHORT,1.5,0.5,14,1,1,13,14,0,0.0324,0.6761,0.6436,0.0480
LONG,1.5,0.75,13,2,2,11,13,0,0.2083,0.9078,0.6995,0.2294
SHORT,1.5,0.75,14,1,1,13,14,0,0.0146,0.6761,0.6615,0.0216
LONG,1.5,1.0,13,2,2,11,13,0,0.1698,0.9078,0.7380,0.1871
SHORT,1.5,1.0,14,1,1,13,14,0,-0.0033,0.6761,0.6793,-0.0049
LONG,1.5,1.25,13,2,2,11,13,0,0.1313,0.9078,0.7764,0.1447
SHORT,1.5,1.25,14,1,1,13,14,0,-0.0211,0.6761,0.6972,-0.0313
LONG,2.0,0.25,13,1,1,12,13,0,0.2589,0.9078,0.6488,0.2852
SHORT,2.0,0.25,14,0,0,14,14,0,-0.0486,0.6761,0.7247,-0.0719
LONG,2.0,0.35,13,1,1,12,13,0,0.2512,0.9078,0.6565,0.2768
SHORT,2.0,0.35,14,0,0,14,14,0,-0.0486,0.6761,0.7247,-0.0719
LONG,2.0,0.5,13,1,1,12,13,0,0.2397,0.9078,0.6681,0.2641
SHORT,2.0,0.5,14,0,0,14,14,0,-0.0486,0.6761,0.7247,-0.0719
LONG,2.0,0.75,13,1,1,12,13,0,0.2205,0.9078,0.6873,0.2429
SHORT,2.0,0.75,14,0,0,14,14,0,-0.0486,0.6761,0.7247,-0.0719
LONG,2.0,1.0,13,1,1,12,13,0,0.2012,0.9078,0.7065,0.2217
SHORT,2.0,1.0,14,0,0,14,14,0,-0.0486,0.6761,0.7247,-0.0719
LONG,2.0,1.25,13,1,1,12,13,0,0.1820,0.9078,0.7258,0.2005
SHORT,2.0,1.25,14,0,0,14,14,0,-0.0486,0.6761,0.7247,-0.0719
