symbol,bar_utc,open,high,low,close,ma3,ma15,kc_upper,kc_middle,kc_lower,atr,previous5_low,previous5_high,short_breakout_predicate,long_breakout_predicate,long_reason,short_reason
1000PEPE/USDT,2026-09-28T22:05:00+00:00,0.0041311,0.0041311,0.0041171,0.0041185,0.0041275,0.004138773333333333,0.0041509750229617145,0.004140585022961715,0.004130195022961715,1.0389999999999878e-05,0.0041088,0.0041448,False,False,BLOCKED_OPPOSITE_CLOSED_BODY,CLOSED_IGNITION_SHORT
1000PEPE/USDT,2026-09-28T22:06:00+00:00,0.0041186,0.0041208,0.0041095,0.0041141,0.0041212333333333325,0.004136793333333334,0.004149222639830569,0.004138062639830569,0.00412690263983057,1.1159999999999815e-05,0.0041088,0.0041443,False,False,BLOCKED_OPPOSITE_CLOSED_BODY,"PIN_BAR_DETECTED (長影線插針防護, ratio=0.40)"
1000PEPE/USDT,2026-09-28T22:07:00+00:00,0.0041142,0.004119,0.0041013,0.0041114,0.004114666666666667,0.004134073333333333,0.004147943340793485,0.004135523340793485,0.004123103340793485,1.2419999999999793e-05,0.0041088,0.0041443,False,False,BLOCKED_OPPOSITE_CLOSED_BODY,"PIN_BAR_DETECTED (長影線插針防護, ratio=0.16)"
1000PEPE/USDT,2026-09-28T22:08:00+00:00,0.0041116,0.0041292,0.0041113,0.0041291,0.0041182,0.0041333333333333335,0.004148811594053937,0.004134911594053937,0.004121011594053937,1.389999999999985e-05,0.0041013,0.0041443,False,False,WAIT_NEW_A_TO_E_TRIGGER,BLOCKED_OPPOSITE_CLOSED_BODY
1000PEPE/USDT,2026-09-28T22:09:00+00:00,0.0041291,0.0041303,0.0041207,0.0041236,0.004121366666666667,0.004132326666666667,0.004148044299382581,0.0041338342993825815,0.004119624299382582,1.4209999999999916e-05,0.0041013,0.0041396,False,False,BLOCKED_OPPOSITE_CLOSED_BODY,WAIT_NEW_A_TO_E_TRIGGER
1000PEPE/USDT,2026-09-28T22:10:00+00:00,0.0041237,0.004126,0.0041182,0.0041218,0.004124833333333334,0.00413092,0.0041464981756580725,0.004132688175658072,0.004118878175658072,1.3810000000000037e-05,0.0041013,0.0041311,False,False,BLOCKED_OPPOSITE_CLOSED_BODY,WAIT_NEW_A_TO_E_TRIGGER
1000PEPE/USDT,2026-09-28T22:11:00+00:00,0.0041217,0.0041219,0.0041142,0.0041205,0.004121966666666667,0.004129186666666667,0.0041453773970197135,0.004131527397019713,0.004117677397019713,1.385000000000006e-05,0.0041013,0.0041303,False,False,BLOCKED_OPPOSITE_CLOSED_BODY,WAIT_NEW_A_TO_E_TRIGGER
1000PEPE/USDT,2026-09-28T22:12:00+00:00,0.0041206,0.0041248,0.0041203,0.0041227,0.004121666666666667,0.004127613333333334,0.004142526692535821,0.004130686692535821,0.004118846692535821,1.1840000000000027e-05,0.0041013,0.0041303,False,False,WAIT_NEW_A_TO_E_TRIGGER,BLOCKED_OPPOSITE_CLOSED_BODY
1000PEPE/USDT,2026-09-28T22:13:00+00:00,0.0041227,0.004127,0.0041225,0.0041261,0.0041231,0.004126113333333333,0.0041408398646736976,0.004130249864673698,0.0041196598646736984,1.0589999999999992e-05,0.0041113,0.0041303,False,False,WAIT_NEW_A_TO_E_TRIGGER,BLOCKED_OPPOSITE_CLOSED_BODY
1000PEPE/USDT,2026-09-28T22:14:00+00:00,0.0041261,0.0041267,0.004121,0.0041215,0.004123433333333333,0.0041247,0.004139486544223655,0.004129416544223655,0.004119346544223655,1.0069999999999958e-05,0.0041142,0.0041303,False,False,BLOCKED_OPPOSITE_CLOSED_BODY,WAIT_NEW_A_TO_E_TRIGGER
1000PEPE/USDT,2026-09-28T22:15:00+00:00,0.0041214,0.0041229,0.0041178,0.0041185,0.004122033333333334,0.00412372,0.004137556873348572,0.004128376873348572,0.004119196873348572,9.179999999999953e-06,0.0041142,0.004127,False,False,BLOCKED_OPPOSITE_CLOSED_BODY,WAIT_NEW_A_TO_E_TRIGGER
1000PEPE/USDT,2026-09-28T22:16:00+00:00,0.0041186,0.004126,0.0041186,0.0041231,0.004121033333333334,0.00412304,0.004136674313982488,0.004127874313982489,0.004119074313982489,8.800000000000041e-06,0.0041142,0.004127,False,False,WAIT_NEW_A_TO_E_TRIGGER,BLOCKED_OPPOSITE_CLOSED_BODY
1000PEPE/USDT,2026-09-28T22:17:00+00:00,0.0041229,0.0041332,0.0041229,0.0041331,0.0041249,0.0041232,0.004136431998363317,0.004128371998363317,0.004120311998363317,8.060000000000099e-06,0.0041178,0.004127,False,False,WAIT_NEW_A_TO_E_TRIGGER,BLOCKED_OPPOSITE_CLOSED_BODY
1000PEPE/USDT,2026-09-28T22:18:00+00:00,0.0041331,0.0041352,0.0041295,0.0041301,0.004128766666666666,0.004123013333333333,0.0041353765699327525,0.004128536569932752,0.004121696569932752,6.840000000000058e-06,0.0041178,0.0041332,False,False,BLOCKED_OPPOSITE_CLOSED_BODY,WAIT_NEW_A_TO_E_TRIGGER
1000PEPE/USDT,2026-09-28T22:19:00+00:00,0.0041301,0.0041364,0.0041287,0.0041364,0.0041332,0.004123366666666667,0.004135935468021177,0.004129285468021176,0.004122635468021176,6.650000000000058e-06,0.0041178,0.0041352,False,True,CLOSED_IGNITION_LONG,BLOCKED_OPPOSITE_CLOSED_BODY
1000PEPE/USDT,2026-09-28T22:20:00+00:00,0.0041363,0.0041363,0.0041251,0.0041314,0.004132633333333333,0.004124226666666666,0.004136486852013335,0.004129486852013335,0.004122486852013335,7.000000000000062e-06,0.0041178,0.0041364,False,False,BLOCKED_OPPOSITE_CLOSED_BODY,WAIT_NEW_A_TO_E_TRIGGER
1000PEPE/USDT,2026-09-28T22:21:00+00:00,0.0041314,0.0041346,0.0041291,0.0041346,0.004134133333333334,0.0041255933333333335,0.004136753818476604,0.0041299738184766045,0.004123193818476605,6.780000000000067e-06,0.0041186,0.0041364,False,False,WAIT_NEW_A_TO_E_TRIGGER,BLOCKED_OPPOSITE_CLOSED_BODY
1000PEPE/USDT,2026-09-28T22:22:00+00:00,0.0041346,0.0041346,0.0041266,0.0041284,0.0041314666666666675,0.004126726666666667,0.004136953930992786,0.004129823930992786,0.004122693930992786,7.130000000000157e-06,0.0041229,0.0041364,False,False,BLOCKED_OPPOSITE_CLOSED_BODY,WAIT_NEW_A_TO_E_TRIGGER
1000PEPE/USDT,2026-09-28T22:23:00+00:00,0.0041283,0.0041284,0.0041237,0.0041248,0.004129266666666667,0.00412644,0.004136495461377561,0.004129345461377561,0.004122195461377561,7.150000000000212e-06,0.0041251,0.0041364,False,False,BLOCKED_OPPOSITE_CLOSED_BODY,WAIT_NEW_A_TO_E_TRIGGER
1000PEPE/USDT,2026-09-28T22:24:00+00:00,0.0041247,0.0041281,0.0041233,0.004125,0.004126066666666667,0.004126533333333333,0.004135991607886148,0.004128931607886147,0.004121871607886147,7.0600000000002255e-06,0.0041237,0.0041364,False,False,WAIT_NEW_A_TO_E_TRIGGER,BLOCKED_OPPOSITE_CLOSED_BODY
1000PEPE/USDT,2026-09-28T22:25:00+00:00,0.0041251,0.0041272,0.0041231,0.0041264,0.0041253999999999996,0.0041268400000000005,0.0041356505023570495,0.004128690502357049,0.004121730502357049,6.960000000000213e-06,0.0041233,0.0041363,False,False,WAIT_NEW_A_TO_E_TRIGGER,BLOCKED_OPPOSITE_CLOSED_BODY
1000PEPE/USDT,2026-09-28T22:26:00+00:00,0.0041264,0.0041327,0.0041263,0.0041323,0.0041279,0.004127626666666667,0.004135884264030385,0.0041290342640303845,0.0041221842640303845,6.850000000000085e-06,0.0041231,0.0041346,False,False,WAIT_NEW_A_TO_E_TRIGGER,BLOCKED_OPPOSITE_CLOSED_BODY
1000PEPE/USDT,2026-09-28T22:27:00+00:00,0.0041322,0.0041332,0.0041301,0.0041327,0.0041304666666666665,0.004128293333333334,0.0041355133817339365,0.0041293833817339365,0.0041232533817339365,6.130000000000024e-06,0.0041231,0.0041346,False,False,WAIT_NEW_A_TO_E_TRIGGER,BLOCKED_OPPOSITE_CLOSED_BODY
1000PEPE/USDT,2026-09-28T22:28:00+00:00,0.0041327,0.0041327,0.0041296,0.0041298,0.0041316,0.00412854,0.004135293059668518,0.0041294230596685185,0.004123553059668519,5.870000000000007e-06,0.0041231,0.0041332,False,False,BLOCKED_OPPOSITE_CLOSED_BODY,WAIT_NEW_A_TO_E_TRIGGER
1000PEPE/USDT,2026-09-28T22:29:00+00:00,0.0041298,0.0041298,0.0041246,0.0041261,0.0041295333333333335,0.004128846666666667,0.004134726577791743,0.004129106577791743,0.004123486577791742,5.620000000000017e-06,0.0041231,0.0041332,False,False,BLOCKED_OPPOSITE_CLOSED_BODY,WAIT_NEW_A_TO_E_TRIGGER
1000PEPE/USDT,2026-09-28T22:30:00+00:00,0.004126,0.00413,0.004125,0.0041273,0.004127733333333334,0.004129433333333333,0.004133924522777399,0.004128934522777399,0.0041239445227773995,4.989999999999942e-06,0.0041231,0.0041332,False,False,WAIT_NEW_A_TO_E_TRIGGER,BLOCKED_OPPOSITE_CLOSED_BODY
1000PEPE/USDT,2026-09-28T22:31:00+00:00,0.0041273,0.0041277,0.0041255,0.0041271,0.004126833333333334,0.0041297,0.004133419806332938,0.004128759806332938,0.004124099806332938,4.659999999999907e-06,0.0041246,0.0041332,False,False,BLOCKED_OPPOSITE_CLOSED_BODY,WAIT_NEW_A_TO_E_TRIGGER
1000PEPE/USDT,2026-09-28T22:32:00+00:00,0.0041271,0.004135,0.0041248,0.0041349,0.004129766666666667,0.00412982,0.004134224586675012,0.0041293445866750125,0.004124464586675013,4.879999999999902e-06,0.0041246,0.0041332,False,False,WAIT_NEW_A_TO_E_TRIGGER,BLOCKED_OPPOSITE_CLOSED_BODY
1000PEPE/USDT,2026-09-28T22:33:00+00:00,0.0041348,0.0041376,0.0041333,0.0041352,0.0041324000000000005,0.00413016,0.00413474224508378,0.00412990224508378,0.00412506224508378,4.839999999999879e-06,0.0041246,0.004135,False,True,"PIN_BAR_DETECTED (長影線插針防護, ratio=0.09)",BLOCKED_OPPOSITE_CLOSED_BODY
1000PEPE/USDT,2026-09-28T22:34:00+00:00,0.0041352,0.0041362,0.0041299,0.0041329,0.004134333333333334,0.004129926666666667,0.004135177745541461,0.0041301877455414615,0.004125197745541462,4.989999999999856e-06,0.0041246,0.0041376,False,False,BLOCKED_OPPOSITE_CLOSED_BODY,WAIT_NEW_A_TO_E_TRIGGER
1000PEPE/USDT,2026-09-28T22:35:00+00:00,0.0041329,0.0041467,0.0041328,0.0041452,0.0041377666666666665,0.004130846666666667,0.0041375874840584095,0.004131617484058409,0.004125647484058409,5.969999999999847e-06,0.0041248,0.0041376,False,True,CLOSED_IGNITION_LONG,BLOCKED_OPPOSITE_CLOSED_BODY
1000PEPE/USDT,2026-09-28T22:36:00+00:00,0.0041451,0.0041545,0.004144,0.0041545,0.0041442,0.004132173333333333,0.0041401767713064004,0.0041337967713064,0.0041274167713064,6.379999999999927e-06,0.0041248,0.0041467,False,True,CLOSED_IGNITION_LONG,BLOCKED_OPPOSITE_CLOSED_BODY
龙虾/USDT,2026-09-28T22:05:00+00:00,0.07214,0.07224,0.07192,0.07192,0.07209,0.07248,0.07259424253917596,0.07195124253917595,0.07130824253917595,0.0006429999999999991,0.07201,0.07346,False,False,BLOCKED_OPPOSITE_CLOSED_BODY,WAIT_NEW_A_TO_E_TRIGGER
龙虾/USDT,2026-09-28T22:06:00+00:00,0.07197,0.07198,0.07159,0.07182,0.07196666666666666,0.07254200000000001,0.07253174324982022,0.07193874324982022,0.07134574324982022,0.0005929999999999991,0.07192,0.07326,False,False,BLOCKED_OPPOSITE_CLOSED_BODY,WAIT_NEW_A_TO_E_TRIGGER
龙虾/USDT,2026-09-28T22:07:00+00:00,0.07183,0.07191,0.07148,0.07159,0.07177666666666667,0.07254133333333335,0.07251252960722664,0.07190552960722664,0.07129852960722664,0.0006069999999999993,0.07159,0.07295,False,False,BLOCKED_OPPOSITE_CLOSED_BODY,WAIT_NEW_A_TO_E_TRIGGER
龙虾/USDT,2026-09-28T22:08:00+00:00,0.0716,0.07172,0.0714,0.07154,0.07165,0.07245266666666667,0.07245071726347962,0.07187071726347963,0.07129071726347963,0.00058,0.07148,0.07261,False,False,BLOCKED_OPPOSITE_CLOSED_BODY,WAIT_NEW_A_TO_E_TRIGGER
龙虾/USDT,2026-09-28T22:09:00+00:00,0.07154,0.07163,0.0713,0.07144,0.07152333333333334,0.07238333333333334,0.07235869657167485,0.07182969657167484,0.07130069657167484,0.0005290000000000003,0.0714,0.07226,False,False,BLOCKED_OPPOSITE_CLOSED_BODY,WAIT_NEW_A_TO_E_TRIGGER
龙虾/USDT,2026-09-28T22:10:00+00:00,0.07142,0.0717,0.07122,0.07156,0.07151333333333333,0.07232466666666666,0.0722600111839635,0.0718040111839635,0.0713480111839635,0.0004559999999999995,0.0713,0.07224,False,False,WAIT_NEW_A_TO_E_TRIGGER,BLOCKED_OPPOSITE_CLOSED_BODY
龙虾/USDT,2026-09-28T22:11:00+00:00,0.07155,0.07155,0.07131,0.07131,0.07143666666666666,0.07220066666666666,0.07217796249982134,0.07175696249982133,0.07133596249982133,0.0004209999999999992,0.07122,0.07198,False,False,BLOCKED_OPPOSITE_CLOSED_BODY,CLOSED_IGNITION_SHORT
龙虾/USDT,2026-09-28T22:12:00+00:00,0.07133,0.07139,0.07099,0.07101,0.07129333333333333,0.07205466666666666,0.07205382321472896,0.07168582321472897,0.07131782321472897,0.00036799999999999886,0.07122,0.07191,True,False,BLOCKED_OPPOSITE_CLOSED_BODY,CLOSED_IGNITION_SHORT
龙虾/USDT,2026-09-28T22:13:00+00:00,0.07101,0.07104,0.07081,0.07088,0.07106666666666667,0.07189066666666667,0.07194007814621144,0.07160907814621144,0.07127807814621144,0.00033100000000000073,0.07099,0.07172,True,False,BLOCKED_OPPOSITE_CLOSED_BODY,CLOSED_TREND_BREAKOUT_SHORT
龙虾/USDT,2026-09-28T22:14:00+00:00,0.07086,0.07087,0.0707,0.07075,0.07088,0.07177066666666668,0.07186026117981599,0.07152726117981599,0.07119426117981599,0.00033299999999999996,0.07081,0.0717,True,False,BLOCKED_OPPOSITE_CLOSED_BODY,CLOSED_TREND_BREAKOUT_SHORT
龙虾/USDT,2026-09-28T22:15:00+00:00,0.07072,0.07086,0.07061,0.07065,0.07076,0.07159533333333333,0.07176971249622563,0.07144371249622562,0.07111771249622562,0.0003259999999999999,0.0707,0.0717,True,False,BLOCKED_OPPOSITE_CLOSED_BODY,"PIN_BAR_DETECTED (長影線插針防護, ratio=0.28)"
龙虾/USDT,2026-09-28T22:16:00+00:00,0.07065,0.07075,0.07044,0.07071,0.07070333333333333,0.07144933333333334,0.0716918351155879,0.0713738351155879,0.0710558351155879,0.00031799999999999884,0.07061,0.07155,False,False,WAIT_NEW_A_TO_E_TRIGGER,BLOCKED_OPPOSITE_CLOSED_BODY
龙虾/USDT,2026-09-28T22:17:00+00:00,0.07071,0.07098,0.07062,0.07095,0.07077,0.07136533333333334,0.07164446986655151,0.07133346986655151,0.0710224698665515,0.0003109999999999988,0.07044,0.07139,False,False,WAIT_NEW_A_TO_E_TRIGGER,BLOCKED_OPPOSITE_CLOSED_BODY
龙虾/USDT,2026-09-28T22:18:00+00:00,0.07096,0.0715,0.07092,0.0715,0.07105333333333334,0.07131933333333333,0.07168632987876798,0.07134932987876798,0.07101232987876797,0.00033699999999999843,0.07044,0.07104,False,False,WAIT_NEW_A_TO_E_TRIGGER,BLOCKED_OPPOSITE_CLOSED_BODY
龙虾/USDT,2026-09-28T22:19:00+00:00,0.07148,0.07155,0.07119,0.07124,0.07123,0.071258,0.0716789175092719,0.0713389175092719,0.07099891750927191,0.0003399999999999986,0.07044,0.0715,False,False,BLOCKED_OPPOSITE_CLOSED_BODY,WAIT_NEW_A_TO_E_TRIGGER
龙虾/USDT,2026-09-28T22:20:00+00:00,0.07124,0.07128,0.07092,0.07092,0.07121999999999999,0.07119133333333334,0.07162702060376137,0.07129902060376138,0.07097102060376138,0.00032799999999999914,0.07044,0.07155,False,False,BLOCKED_OPPOSITE_CLOSED_BODY,WAIT_NEW_A_TO_E_TRIGGER
龙虾/USDT,2026-09-28T22:21:00+00:00,0.07093,0.07132,0.07093,0.07111,0.07109,0.07114400000000001,0.07162401864131916,0.07128101864131917,0.07093801864131917,0.00034299999999999885,0.07044,0.07155,False,False,WAIT_NEW_A_TO_E_TRIGGER,BLOCKED_OPPOSITE_CLOSED_BODY
龙虾/USDT,2026-09-28T22:22:00+00:00,0.0711,0.07151,0.07108,0.07131,0.07111333333333332,0.07112533333333333,0.07162977877071734,0.07128377877071734,0.07093777877071734,0.0003459999999999991,0.07062,0.07155,False,False,WAIT_NEW_A_TO_E_TRIGGER,BLOCKED_OPPOSITE_CLOSED_BODY
龙虾/USDT,2026-09-28T22:23:00+00:00,0.0713,0.0713,0.07114,0.07119,0.07120333333333334,0.071102,0.07161484745926523,0.07127484745926524,0.07093484745926525,0.0003399999999999986,0.07092,0.07155,False,False,BLOCKED_OPPOSITE_CLOSED_BODY,WAIT_NEW_A_TO_E_TRIGGER
龙虾/USDT,2026-09-28T22:24:00+00:00,0.07119,0.07131,0.07101,0.07122,0.07124000000000001,0.07108733333333332,0.07162162389180579,0.0712696238918058,0.07091762389180581,0.00035199999999999815,0.07092,0.07155,False,False,WAIT_NEW_A_TO_E_TRIGGER,BLOCKED_OPPOSITE_CLOSED_BODY
龙虾/USDT,2026-09-28T22:25:00+00:00,0.07122,0.07122,0.07089,0.07111,0.07117333333333334,0.07105733333333333,0.07161442161648533,0.07125442161648533,0.07089442161648533,0.0003599999999999992,0.07092,0.07151,False,False,BLOCKED_OPPOSITE_CLOSED_BODY,WAIT_NEW_A_TO_E_TRIGGER
龙虾/USDT,2026-09-28T22:26:00+00:00,0.07109,0.07112,0.07079,0.07079,0.07104,0.07102266666666666,0.07157219098676956,0.07121019098676956,0.07084819098676956,0.0003619999999999998,0.07089,0.07151,False,False,BLOCKED_OPPOSITE_CLOSED_BODY,WAIT_NEW_A_TO_E_TRIGGER
龙虾/USDT,2026-09-28T22:27:00+00:00,0.07079,0.07099,0.07073,0.0709,0.07093333333333333,0.07101533333333333,0.07153264898771594,0.07118064898771594,0.07082864898771593,0.00035199999999999956,0.07079,0.07151,False,False,WAIT_NEW_A_TO_E_TRIGGER,BLOCKED_OPPOSITE_CLOSED_BODY
龙虾/USDT,2026-09-28T22:28:00+00:00,0.07089,0.07094,0.07082,0.07088,0.07085666666666667,0.07101533333333333,0.0714580157507458,0.0711520157507458,0.0708460157507458,0.0003060000000000007,0.07073,0.07131,False,False,BLOCKED_OPPOSITE_CLOSED_BODY,WAIT_NEW_A_TO_E_TRIGGER
龙虾/USDT,2026-09-28T22:29:00+00:00,0.07087,0.07087,0.07073,0.07073,0.07083666666666667,0.071014,0.07139682377475315,0.07111182377475316,0.07082682377475316,0.00028500000000000053,0.07073,0.07131,False,False,BLOCKED_OPPOSITE_CLOSED_BODY,WAIT_NEW_A_TO_E_TRIGGER
龙虾/USDT,2026-09-28T22:30:00+00:00,0.07074,0.07084,0.07063,0.07075,0.07078666666666666,0.07102066666666666,0.07134736436857478,0.07107736436857477,0.07080736436857477,0.0002700000000000008,0.07073,0.07122,False,False,WAIT_NEW_A_TO_E_TRIGGER,BLOCKED_OPPOSITE_CLOSED_BODY
龙虾/USDT,2026-09-28T22:31:00+00:00,0.07075,0.07079,0.07064,0.07077,0.07075,0.07102466666666667,0.07129309157125399,0.071048091571254,0.070803091571254,0.00024500000000000216,0.07063,0.07112,False,False,WAIT_NEW_A_TO_E_TRIGGER,BLOCKED_OPPOSITE_CLOSED_BODY
龙虾/USDT,2026-09-28T22:32:00+00:00,0.07078,0.07099,0.07074,0.07098,0.07083333333333333,0.07102666666666665,0.0712686066596836,0.07104160665968359,0.07081460665968359,0.0002270000000000022,0.07063,0.07099,False,False,WAIT_NEW_A_TO_E_TRIGGER,BLOCKED_OPPOSITE_CLOSED_BODY
龙虾/USDT,2026-09-28T22:33:00+00:00,0.07094,0.07094,0.07052,0.07065,0.0708,0.07097,0.07126031078672788,0.07100431078672788,0.07074831078672787,0.00025600000000000205,0.07063,0.07099,False,False,BLOCKED_OPPOSITE_CLOSED_BODY,CLOSED_IGNITION_SHORT
龙虾/USDT,2026-09-28T22:34:00+00:00,0.07065,0.07067,0.07032,0.07043,0.07068666666666668,0.070916,0.071210614521258,0.070949614521258,0.070688614521258,0.0002610000000000029,0.07052,0.07099,True,False,BLOCKED_OPPOSITE_CLOSED_BODY,CLOSED_IGNITION_SHORT
龙虾/USDT,2026-09-28T22:35:00+00:00,0.07044,0.07046,0.07014,0.07031,0.07046333333333334,0.07087533333333335,0.07114869885344052,0.07088869885344053,0.07062869885344053,0.0002600000000000019,0.07032,0.07099,True,False,BLOCKED_OPPOSITE_CLOSED_BODY,CLOSED_TREND_BREAKOUT_SHORT
龙虾/USDT,2026-09-28T22:36:00+00:00,0.07031,0.07038,0.07022,0.07035,0.07036333333333333,0.07082466666666667,0.07108039420100075,0.07083739420100074,0.07059439420100073,0.00024300000000000154,0.07014,0.07099,False,False,WAIT_NEW_A_TO_E_TRIGGER,BLOCKED_OPPOSITE_CLOSED_BODY
