entry_time,exit_time,side,entry_price,exit_price,reason,net_pnl,funding
1786312080000,1786312320000,1,0.023359335699999997,0.023337666,confirmed_pivot,-1.9272038138480712,0.0
1786312440000,1786312620000,1,0.0234603458,0.023353664399999998,confirmed_pivot,-5.545033573205162,0.0
1786312800000,1786313520000,1,0.0236603658,0.022947705000000002,opposite_break,-31.105387026602827,0.0
1786316400000,1786316520000,-1,0.022565743200000002,0.0226232621,confirmed_pivot,-3.550222208059054,0.0
1786317420000,1786317720000,-1,0.022361763599999997,0.0219811979,confirmed_pivot,16.027099904141654,0.0
1786318800000,1786319520000,-1,0.0217168281,0.0218451843,confirmed_pivot,-6.913403997520351,0.0
1786320240000,1786320360000,-1,0.0214058592,0.0218371835,confirmed_pivot,-21.15989912472193,0.0
1786321020000,1786321620000,-1,0.0211828815,0.020922092,confirmed_pivot,11.317488286473235,0.0
1786321740000,1786322100000,-1,0.0208259172,0.0207800778,confirmed_pivot,1.2021752636180323,0.0
1786323540000,1786324140000,-1,0.020113988399999998,0.019769976800000002,confirmed_pivot,16.111653788166443,0.0
1786324800000,1786325280000,-1,0.0194330565,0.0189548953,confirmed_pivot,23.617860839338395,0.0
1786326360000,1786326840000,-1,0.0188331165,0.0184668465,confirmed_pivot,18.457912608356768,0.0
1786328760000,1786331100000,-1,0.0184091589,0.018164816299999997,confirmed_pivot,12.279518778014493,0.0
1786333620000,1786334520000,-1,0.0182531745,0.018004800300000002,confirmed_pivot,12.89218145534073,0.2781995641360905
1786334640000,1786335900000,-1,0.0178822116,0.019021901999999997,opposite_break,-64.76505718118206,0.0
1786337340000,1786337640000,-1,0.0179212077,0.0180838082,confirmed_pivot,-10.077613683925922,0.0
1786338960000,1786339140000,1,0.0183658364,0.018306169200000003,confirmed_pivot,-4.2471903321536235,0.0
1786339500000,1786339740000,-1,0.0176142384,0.0177027701,confirmed_pivot,-6.028657148753121,0.0
1786339920000,1786340160000,-1,0.0174472551,0.0174147413,confirmed_pivot,0.8644799261287912,0.0
1786340640000,1786340760000,-1,0.0173362662,0.0174627461,confirmed_pivot,-8.299330691518824,0.0
1786342380000,1786347000000,1,0.0180708069,0.0256304367,confirmed_pivot,417.12465967416205,0.0
1786347600000,1786348260000,1,0.0266336631,0.0270012996,confirmed_pivot,12.796550642333566,0.0
1786358460000,1786360320000,1,0.0288988896,0.031856814,confirmed_pivot,101.30308080072376,0.0
1786369500000,1786369680000,-1,0.0311108886,0.0312041201,confirmed_pivot,-3.998246592995062,0.0
1786370100000,1786370880000,-1,0.0300259971,0.0291969194,confirmed_pivot,26.62580160410393,0.0
1786371660000,1786372080000,-1,0.028582141499999998,0.0268936891,confirmed_pivot,58.10322101652175,0.0
1786392180000,1786392360000,-1,0.028707129,0.0287518749,confirmed_pivot,-2.5594827664583577,0.0
1786398240000,1786400880000,1,0.029286928400000002,0.028952104500000003,opposite_break,-12.426820985774647,0.0
1786402620000,1786402860000,-1,0.028723127400000003,0.0288018799,confirmed_pivot,-3.7431510208737797,0.0
1786404840000,1786405080000,-1,0.0286541343,0.028552855,confirmed_pivot,2.5363113255876586,0.0
1786409940000,1786410660000,-1,0.02809719,0.027992799000000002,confirmed_pivot,2.7172114186507197,0.0
1786411620000,1786412040000,-1,0.0275102487,0.027549754699999998,confirmed_pivot,-2.4367646556389797,0.0
1786412280000,1786412580000,-1,0.0273582639,0.0269206918,confirmed_pivot,15.002144275317066,0.0
1786412700000,1786413960000,-1,0.026617338,0.027052705,confirmed_pivot,-17.3646974577247,0.0
1786420380000,1786420920000,1,0.0282378235,0.028146185100000002,confirmed_pivot,-4.81072821834149,-0.5671148853239344
1786422960000,1786423620000,1,0.0286308628,0.0290420955,confirmed_pivot,13.356084429631647,0.0
1786423800000,1786424760000,1,0.029853985099999997,0.0294080589,confirmed_pivot,-15.929438579374064,0.0
1786429920000,1786430400000,-1,0.0251354862,0.026022602000000002,opposite_break,-36.31100814353856,0.0
1786437660000,1786438200000,-1,0.0251624835,0.0251175115,confirmed_pivot,0.7881575958112705,0.0
1786439100000,1786439220000,-1,0.0249005097,0.0249694967,confirmed_pivot,-3.771890789849957,0.0
1786442220000,1786442400000,1,0.0258345832,0.0255524445,confirmed_pivot,-11.915509202021893,0.0
1786443780000,1786444560000,1,0.025962596,0.0259084089,confirmed_pivot,-3.0860782353968768,0.0
1786447860000,1786448580000,-1,0.0223957602,0.021652164999999998,confirmed_pivot,32.21909999732907,0.0
1786449540000,1786449780000,-1,0.021337866,0.0212751273,confirmed_pivot,2.0849827250767294,0.14326074828663748
1786454940000,1786455120000,-1,0.0212858712,0.0213591357,confirmed_pivot,-4.443651968071652,0.0
1786457040000,1786457280000,-1,0.0211628835,0.0210401038,confirmed_pivot,4.804553517010046,0.0
1786458120000,1786458360000,-1,0.021083891400000002,0.0212671265,confirmed_pivot,-9.695108226083834,0.0
1786463160000,1786464900000,-1,0.0203829615,0.0192549253,confirmed_pivot,54.41790083349769,0.04811474524935937
1786467840000,1786468080000,1,0.0215281526,0.0213428655,confirmed_pivot,-9.602431425072702,0.0
1786473600000,1786473720000,-1,0.0200249973,0.0200880086,confirmed_pivot,-4.148205450694307,0.0
1786474080000,1786474500000,-1,0.020017998,0.019961996,confirmed_pivot,1.7989812467759982,0.0
1786474860000,1786475100000,1,0.020282028,0.0202799718,confirmed_pivot,-1.1013297043076502,0.0
1786476180000,1786476300000,-1,0.0197730225,0.0198269825,confirmed_pivot,-3.7303352332704183,0.0
1786477260000,1786477320000,-1,0.0198000198,0.019867986600000002,confirmed_pivot,-4.434379565620581,0.0
1786477680000,1786480200000,-1,0.0196990299,0.0203200318,opposite_break,-32.47653864246876,0.06371507073553911
1786481520000,1786481640000,1,0.020242024,0.0200769921,confirmed_pivot,-9.148858239176137,0.0
1786481940000,1786482120000,1,0.020284028200000002,0.020286971100000002,confirmed_pivot,-0.8549879481038957,0.0
1786482240000,1786482420000,1,0.0204450443,0.0203749623,confirmed_pivot,-4.426109426429519,0.0
1786484760000,1786484880000,-1,0.0199110087,0.0199429941,confirmed_pivot,-2.6072210696186446,0.0
1786485120000,1786486500000,-1,0.019798020000000003,0.019298929700000002,confirmed_pivot,24.221706269111817,0.0
1786487520000,1786487880000,-1,0.019264073399999998,0.019249924800000002,confirmed_pivot,-0.26517751432590825,0.0
1786488000000,1786489620000,-1,0.019188081,0.019198919699999997,confirmed_pivot,-1.5651487165390883,0.0
1786490460000,1786490760000,-1,0.0190170981,0.019061906,confirmed_pivot,-3.3573682858584513,0.0
1786492620000,1786493040000,-1,0.019073092500000003,0.019149914799999997,confirmed_pivot,-4.979882373558158,0.049915686195093956
1786493640000,1786495680000,1,0.0193589357,0.019333066500000003,confirmed_pivot,-2.3356243236035445,0.0
1786497120000,1786498380000,-1,0.0188151183,0.018151814999999998,confirmed_pivot,34.27136747527126,0.0
1786508400000,1786508460000,1,0.018775877399999998,0.0185611437,confirmed_pivot,-12.430961577859321,0.0
1786512840000,1786513260000,1,0.0186738672,0.0181171881,opposite_break,-30.795690120897866,0.0
1786514880000,1786515540000,1,0.0188528851,0.0185941404,opposite_break,-14.71754648045888,0.0
1786520700000,1786520880000,1,0.0189538952,0.0188691129,confirmed_pivot,-5.470844011525532,0.0
1786521360000,1786523400000,1,0.01910191,0.0191550843,confirmed_pivot,1.732329534062307,-0.04999500049995
1786523580000,1786523820000,1,0.0193689367,0.019268073,confirmed_pivot,-6.204894296030127,0.0
1786525080000,1786525860000,-1,0.018862113599999997,0.0191559154,opposite_break,-16.584080720413198,0.0
1786526340000,1786526820000,1,0.019218921700000002,0.019257074099999997,confirmed_pivot,0.9841552192803076,0.0
1786528080000,1786528620000,1,0.0193809379,0.0195770421,confirmed_pivot,9.113346882970081,0.0
1786531500000,1786531800000,1,0.0200990097,0.0200019996,confirmed_pivot,-5.824197629498104,0.0
1786532040000,1786533240000,1,0.0205880586,0.021198879900000002,confirmed_pivot,28.653883409385745,0.0
1786533540000,1786533660000,1,0.0215261524,0.0213468651,confirmed_pivot,-9.324648688727146,0.0
1786539600000,1786539780000,-1,0.0201939804,0.0202500248,confirmed_pivot,-3.7766899387502635,0.0
1786540020000,1786540200000,-1,0.0199860012,0.0199869985,confirmed_pivot,-1.0499248769183325,0.0
1786540500000,1786540920000,-1,0.0198720126,0.0198559854,confirmed_pivot,-0.19307551163702869,0.0
1786543800000,1786544460000,1,0.022192219000000003,0.0223527645,confirmed_pivot,6.230697716618503,0.0
1786549200000,1786549260000,-1,0.0214338564,0.0215061504,confirmed_pivot,-4.3745745819217365,0.0
1786550220000,1786550880000,-1,0.021307869,0.0211331131,confirmed_pivot,7.4586216758137684,0.2530485164330605
1786575300000,1786575660000,1,0.021242123999999998,0.021223877399999997,confirmed_pivot,-1.8585524074711461,0.0
1786580640000,1786581300000,1,0.0216711669,0.0216798318,confirmed_pivot,-0.6003645032146324,0.0
1786586280000,1786588440000,1,0.0225272525,0.021887811,opposite_break,-29.371048766377555,0.0
1786590900000,1786591020000,-1,0.021867813,0.0220242022,confirmed_pivot,-8.155145994709166,0.0
1786591500000,1786592580000,-1,0.0218338164,0.0216571655,confirmed_pivot,7.094747258660745,0.0
1786592760000,1786595100000,-1,0.021577842,0.0207390737,confirmed_pivot,38.21264828591296,0.32147074600879927
1786597140000,1786597320000,-1,0.0207009297,0.0207180716,confirmed_pivot,-1.8284879567510393,0.0
1786598580000,1786599660000,-1,0.0204329565,0.0203670365,confirmed_pivot,2.227773719383052,0.0
1786599840000,1786600200000,-1,0.019917008099999998,0.0198239822,confirmed_pivot,3.673011753708038,0.0
1786600500000,1786600800000,-1,0.0197440254,0.0199369935,confirmed_pivot,-10.77838004857913,0.0
1786600980000,1786601220000,-1,0.0197370261,0.019839983800000002,confirmed_pivot,-6.21908307402011,0.0
1786605720000,1786605840000,1,0.0201940192,0.0200729925,confirmed_pivot,-6.990198654956153,0.0
1786609020000,1786609200000,-1,0.0192550743,0.0193159314,confirmed_pivot,-4.162154952058472,0.0
1786609440000,1786610820000,-1,0.019108088999999998,0.0190759074,confirmed_pivot,0.6850293506586027,0.0
1786615320000,1786616160000,-1,0.018778122,0.0186398638,confirmed_pivot,6.366409116950108,0.0
1786619220000,1786620120000,1,0.019093909200000002,0.0193170681,confirmed_pivot,10.68159533041035,0.0
1786621560000,1786621680000,1,0.019351935,0.019268073,confirmed_pivot,-5.331353376290305,0.0
1786623660000,1786624380000,1,0.0205060504,0.0203559642,confirmed_pivot,-8.315458314683546,0.0
1786626600000,1786627020000,1,0.0204710469,0.0204449553,confirmed_pivot,-2.27392381676386,0.0
1786629840000,1786630800000,1,0.0206770675,0.0208499148,confirmed_pivot,7.355192357426932,0.0
1786630980000,1786631100000,1,0.020952095,0.0209269071,confirmed_pivot,-2.201565096473696,0.0
1786636500000,1786641600000,-1,0.0196460352,0.019512951100000002,confirmed_pivot,6.1206173874714676,0.34313578904714576
1786641720000,1786643760000,-1,0.0194720526,0.0195239522,confirmed_pivot,-3.666670579967449,0.0
1786647480000,1786650780000,-1,0.0194540544,0.019593959199999997,opposite_break,-8.195145521953332,0.0
1786653840000,1786653960000,1,0.0195199518,0.0195040494,confirmed_pivot,-1.8142668057202922,0.0
1786661160000,1786662180000,-1,0.0196060392,0.0195269525,confirmed_pivot,3.03580970857191,0.0
1786664400000,1786665780000,-1,0.0195060492,0.019581958,confirmed_pivot,-4.714172028234185,0.17932550277787673
1786665900000,1786667040000,1,0.0196389637,0.0199610037,confirmed_pivot,15.389814906577742,0.0
1786668780000,1786669260000,1,0.0197599758,0.0196800318,confirmed_pivot,-5.043731065702947,0.0
1786671300000,1786673220000,1,0.0198799878,0.019946005200000002,confirmed_pivot,2.319136408122113,0.0
1786673340000,1786673520000,1,0.0200250023,0.0200239974,confirmed_pivot,-1.0501571752628713,0.0
1786683600000,1786686000000,1,0.0197999798,0.019569042900000003,confirmed_pivot,-12.657659951248826,0.0
1786687080000,1786688700000,-1,0.019244075399999998,0.019071907,confirmed_pivot,7.951039767802964,0.0
1786694280000,1786694760000,1,0.0195779576,0.019574042399999998,confirmed_pivot,-1.2498418118957841,-0.04996179989683909
1786699740000,1786700100000,-1,0.019248075,0.0191739172,confirmed_pivot,2.8546648898655365,0.0
1786700220000,1786701660000,-1,0.019135086300000003,0.019222922099999998,confirmed_pivot,-5.592595848391586,0.0
1786702800000,1786702980000,-1,0.0190510947,0.0191039102,confirmed_pivot,-3.7736940360703226,0.0
1786704180000,1786704480000,-1,0.019045095300000002,0.0192659264,confirmed_pivot,-12.600966656753828,0.0
1786708020000,1786708140000,1,0.0192859284,0.019221077700000002,confirmed_pivot,-4.360910260871714,0.0
1786709400000,1786711260000,-1,0.019158084,0.0191929191,confirmed_pivot,-2.8192068450060956,0.0
1786711740000,1786711920000,1,0.0195429541,0.0194970501,confirmed_pivot,-3.3477027968867508,0.0
1786716720000,1786718400000,1,0.019746974499999997,0.0198660132,opposite_break,5.025185308767391,0.0
1786720620000,1786720740000,1,0.020142014,0.0199960002,confirmed_pivot,-8.245590887783152,0.0
1786721760000,1786722420000,-1,0.0199230075,0.0195659564,confirmed_pivot,16.93050700553109,0.0
1786724760000,1786725060000,-1,0.0196690329,0.01970197,confirmed_pivot,-2.6754036010585,0.0
1786725900000,1786726320000,-1,0.0194960502,0.0196059604,confirmed_pivot,-6.640381203983587,0.0
1786729200000,1786729680000,-1,0.01939806,0.0192369235,confirmed_pivot,7.310989256142234,0.0
1786731360000,1786733220000,-1,0.019223077499999998,0.0191329131,confirmed_pivot,3.692770041633481,0.0
1786735680000,1786736340000,-1,0.018997100099999997,0.0190539052,confirmed_pivot,-3.9916935874860915,0.0
1786737420000,1786738980000,1,0.019171917,0.019493050499999998,confirmed_pivot,15.69192930732996,-0.04989850519382073
1786739220000,1786740300000,1,0.0195699568,0.0195160482,confirmed_pivot,-3.753283834535569,0.0
1786743720000,1786744620000,-1,0.0193290669,0.019261926,confirmed_pivot,2.475308497690691,0.0
1786747140000,1786749420000,-1,0.0190010997,0.0191049103,opposite_break,-6.466131273444157,0.0
1786756740000,1786758060000,1,0.019200919900000002,0.0190170981,opposite_break,-10.568806601812915,0.0
1786758060000,1786758120000,-1,0.0190170981,0.0190999098,confirmed_pivot,-5.356769125043192,0.0
1786772220000,1786773480000,1,0.0192769275,0.019302069600000003,confirmed_pivot,0.3036065498510401,0.0
1786775220000,1786775340000,1,0.0194049403,0.0193800618,confirmed_pivot,-2.2814293868246915,0.0
1786777500000,1786781280000,1,0.0195559554,0.0200329965,confirmed_pivot,22.58568353045039,-0.7957680374951152
1786783440000,1786784220000,1,0.0200400038,0.020157984,confirmed_pivot,4.884290795393929,0.0
1786785960000,1786787760000,1,0.0202430241,0.0199520046,opposite_break,-15.369097661154283,0.0
1786789800000,1786790040000,1,0.020281027899999998,0.0202669731,confirmed_pivot,-1.692655849065704,0.0
1786790220000,1786790880000,1,0.020382037999999998,0.0207799218,confirmed_pivot,18.511535504938315,0.0
1786796460000,1786797480000,-1,0.020127987,0.020287028500000002,confirmed_pivot,-8.905461224214914,0.0
1786800240000,1786800840000,-1,0.020017998,0.0198159814,confirmed_pivot,9.096794309800629,0.0
1786801860000,1786802100000,1,0.0205950593,0.020607939,confirmed_pivot,-0.37493454316010155,0.0
1786802580000,1786802760000,1,0.0207640762,0.020473952400000002,confirmed_pivot,-14.965405217497544,0.0
1786806000000,1786806060000,1,0.0210010999,0.020709928800000003,confirmed_pivot,-14.857632020977988,0.0
1786810320000,1786812240000,-1,0.020267973,0.0203900388,opposite_break,-7.025606650452803,0.0
1786813320000,1786813920000,1,0.0204510449,0.0204309567,confirmed_pivot,-1.9817667507052728,0.0
1786816500000,1786816560000,-1,0.0202919706,0.0203230321,confirmed_pivot,-2.5314939767357356,0.0
1786816740000,1786817520000,-1,0.0201959802,0.0200990097,confirmed_pivot,3.8038760332118713,0.0
1786819200000,1786819680000,-1,0.0200559942,0.0200570055,confirmed_pivot,-1.05044903981869,0.0
1786821060000,1786821180000,-1,0.0200019996,0.020027002500000002,confirmed_pivot,-2.2506450330096635,0.0
1786824120000,1786824240000,-1,0.0199660032,0.019975997399999997,confirmed_pivot,-1.5008111538316533,0.0
1786824360000,1786827480000,-1,0.0199220076,0.0197649763,confirmed_pivot,6.886244137864851,0.0
1786831800000,1786832040000,-1,0.0196000398,0.019681968,confirmed_pivot,-5.182091716977082,0.0
1786832220000,1786833300000,-1,0.0195500448,0.0195579556,confirmed_pivot,-1.4048458958007162,0.0
1786833780000,1786835100000,-1,0.0194340564,0.0193179316,confirmed_pivot,4.978312505051647,0.0
1786839960000,1786840620000,-1,0.0190500948,0.0190549053,confirmed_pivot,-1.2526446876264712,0.0
1786841400000,1786841520000,1,0.02010201,0.0200089989,confirmed_pivot,-5.624641737318723,0.0
1786842360000,1786843200000,1,0.020122011999999998,0.020286971100000002,confirmed_pivot,7.193843659868806,0.0
1786850820000,1786851480000,-1,0.0201669831,0.0202170215,confirmed_pivot,-3.4824446448810007,0.0
1786853160000,1786853400000,-1,0.020061993599999998,0.0201070105,confirmed_pivot,-3.24501160492861,0.0
1786856160000,1786858560000,1,0.0203700368,0.020373962399999997,confirmed_pivot,-0.8073819287358391,0.0
1786860360000,1786861320000,-1,0.0202209777,0.020129012699999997,confirmed_pivot,3.5502736744525905,0.0
1786861440000,1786862100000,-1,0.0200459952,0.0198479846,confirmed_pivot,8.882752306555453,0.0
1786865760000,1786867440000,1,0.0201930191,0.0203329665,confirmed_pivot,5.741298197454771,-0.18572076921375266
1786867560000,1786867740000,1,0.0204460444,0.0203759622,confirmed_pivot,-4.4259516182992495,0.0
1786869600000,1786870500000,1,0.0204600458,0.0202539744,opposite_break,-11.06685744075903,0.0
1786879200000,1786879260000,1,0.020576057399999997,0.0205559442,confirmed_pivot,-1.9770162966204543,0.0
1786879380000,1786880160000,1,0.0206640662,0.0210648933,confirmed_pivot,18.38760177074913,0.0
1786880700000,1786880880000,1,0.021114111199999997,0.0210788919,confirmed_pivot,-2.6672115637051586,0.0
1786881780000,1786882560000,1,0.0211981196,0.0211638834,confirmed_pivot,-2.614250817794197,0.0
1786886160000,1786886340000,-1,0.020807918999999998,0.021086108399999998,confirmed_pivot,-14.376085071265418,0.0
1786888320000,1786889040000,1,0.0213541352,0.0215568441,confirmed_pivot,8.487977089795748,0.0
1786891140000,1786891380000,1,0.0220212019,0.0219848013,confirmed_pivot,-2.6521532232988614,0.0
1786896540000,1786897860000,1,0.022082208,0.021712828500000003,opposite_break,-17.71910753897417,0.0
1786898280000,1786901940000,1,0.0220082006,0.021477852,opposite_break,-25.085723105413763,0.0
1786902960000,1786904220000,-1,0.0214388559,0.0213571355,confirmed_pivot,2.813695123535126,0.0
1786905480000,1786907640000,-1,0.0212168781,0.0210911089,confirmed_pivot,4.930753997215099,0.0
1786907820000,1786910280000,-1,0.0209309067,0.0212681266,opposite_break,-17.11915407133308,0.0
1786916280000,1786916640000,-1,0.020957904,0.020927092499999998,confirmed_pivot,0.47089640977465375,0.0
1786916760000,1786918080000,-1,0.0208539144,0.0209980996,opposite_break,-7.917516291329974,0.0
1786919520000,1786920540000,-1,0.0207369261,0.020882088,confirmed_pivot,-8.003664875383793,0.0
1786922460000,1786922700000,-1,0.0206739324,0.0206740672,confirmed_pivot,-1.0065235484662383,0.0
1786923840000,1786924200000,-1,0.020587941000000002,0.020617061500000002,confirmed_pivot,-2.4151517264402624,0.0
1786925220000,1786925280000,-1,0.020566943100000002,0.0206410639,confirmed_pivot,-4.605682188132141,0.0
1786926960000,1786928640000,1,0.0213141312,0.0212618736,opposite_break,-3.4505559579176093,0.0
1786932060000,1786933020000,-1,0.021015898199999997,0.020942094,confirmed_pivot,2.513582974055135,0.0
1786934640000,1786937280000,-1,0.0209549043,0.020566056399999998,confirmed_pivot,17.565693184769298,0.0
1786939320000,1786940160000,-1,0.0204019596,0.0205810579,confirmed_pivot,-9.782874423004108,0.0
1786941480000,1786942680000,-1,0.0204349563,0.0206240622,opposite_break,-10.258666873195125,0.0
1786944120000,1786945980000,-1,0.0203989599,0.0204470445,confirmed_pivot,-3.3583870224678165,0.0
1786949700000,1786950000000,-1,0.0202799718,0.0202170215,confirmed_pivot,2.1056145329551024,0.0
1786950840000,1786951860000,-1,0.0200699928,0.0203690367,opposite_break,-15.907500213453016,0.0
1786953840000,1786954260000,1,0.021072107,0.0211208877,confirmed_pivot,1.3137842670408175,0.0
1786974960000,1786979340000,-1,0.0206259372,0.0201060104,confirmed_pivot,24.22003040909097,0.0
1786979940000,1786980240000,-1,0.020111988600000002,0.0200750073,confirmed_pivot,0.8396883264941009,0.0
1786987740000,1786990260000,-1,0.020057994000000003,0.0198499848,confirmed_pivot,9.375574177557398,0.0
1787002320000,1787004000000,1,0.0203670365,0.0202899708,confirmed_pivot,-4.7819526247718995,0.0
1787012520000,1787013540000,-1,0.019967003100000002,0.019686968500000002,confirmed_pivot,13.031881294193793,0.0
1787014080000,1787014560000,-1,0.0195630435,0.0193629361,confirmed_pivot,9.23396250690747,0.0
1787023140000,1787023260000,1,0.0197589757,0.0196460352,confirmed_pivot,-6.713050689667181,0.0
1787034780000,1787034960000,-1,0.019491050700000002,0.0195929591,confirmed_pivot,-6.2310855771361595,0.0
1787038560000,1787038680000,1,0.0196269625,0.01959804,confirmed_pivot,-2.472873795423026,0.0
1787053620000,1787053800000,-1,0.0195220476,0.019531952999999998,confirmed_pivot,-1.5076492437196714,0.0
1787055420000,1787056860000,1,0.0197069705,0.0197110287,confirmed_pivot,-0.7941758272789605,0.0
1787058840000,1787059260000,1,0.0197929791,0.019790020800000002,confirmed_pivot,-1.1493873577625253,0.0
1787063520000,1787066100000,1,0.0198489847,0.0202459752,confirmed_pivot,18.99054413851201,0.0
1787066460000,1787066700000,1,0.0202890287,0.020257974,confirmed_pivot,-2.5298501031741383,0.0
1787069100000,1787070240000,1,0.0201760174,0.0200869911,opposite_break,-5.410275084814287,0.0
1787070240000,1787071740000,-1,0.0200869911,0.020292029,opposite_break,-11.212600679152976,0.0
1787071740000,1787071920000,1,0.020292029,0.0202329765,confirmed_pivot,-3.908677774410836,0.0
1787079180000,1787079300000,-1,0.0200749923,0.020100009800000002,confirmed_pivot,-2.246825322568214,0.0
1787079600000,1787080380000,-1,0.020087991,0.0200410039,confirmed_pivot,1.340233702314964,0.0
1787080500000,1787080620000,-1,0.0200259972,0.020051004900000002,confirmed_pivot,-2.24938616539919,0.0
1787085360000,1787085600000,-1,0.019888011,0.019894989300000002,confirmed_pivot,-1.3510551733907312,0.0
1787085720000,1787085960000,-1,0.0198350163,0.0198449843,confirmed_pivot,-1.5027968643514091,0.0
1787087340000,1787087460000,-1,0.0197860212,0.0198109809,confirmed_pivot,-2.262112255798069,0.0
1787088360000,1787089140000,-1,0.0197830215,0.0197689767,confirmed_pivot,-0.289702920254041,0.0
1787089380000,1787091000000,-1,0.019694030400000003,0.0195339532,confirmed_pivot,7.1322733512183545,0.0
1787093340000,1787093580000,-1,0.019431056699999998,0.0194229421,confirmed_pivot,-0.5821813797703734,0.0
1787093880000,1787094600000,-1,0.0194090589,0.0195209519,opposite_break,-6.767870924437162,0.0
1787095020000,1787095080000,1,0.019500949899999998,0.0194720526,confirmed_pivot,-2.481099715557806,0.0
1787097060000,1787098260000,1,0.0195859584,0.019707029100000002,confirmed_pivot,5.128567323517001,-0.04984693524111642
1787104620000,1787106720000,1,0.0196939692,0.019719027899999998,confirmed_pivot,0.27176854983590004,0.0
1787107920000,1787107980000,-1,0.0195940404,0.019610960900000002,confirmed_pivot,-1.8639851661224163,0.0
1787112120000,1787112540000,1,0.019761976,0.0199600038,confirmed_pivot,9.015637408931182,0.0
1787116020000,1787116740000,-1,0.0197550243,0.019894989300000002,opposite_break,-8.088575563027899,0.0
1787119920000,1787120520000,-1,0.0196690329,0.019715971399999997,confirmed_pivot,-3.3876094716378304,0.0
1787121600000,1787123640000,-1,0.019645035300000002,0.0197959794,opposite_break,-8.687416680284505,0.0
1787123640000,1787124420000,1,0.0197959794,0.0197650233,confirmed_pivot,-2.5629750529039237,0.0
1787128140000,1787128200000,-1,0.0196590339,0.0197379736,confirmed_pivot,-5.017449191641051,0.0
1787132700000,1787132880000,1,0.0201240122,0.0200799918,confirmed_pivot,-3.186362707532082,0.0
1787139240000,1787139420000,-1,0.0205949403,0.020742074000000003,confirmed_pivot,-8.147739430446569,0.0
1787147220000,1787149020000,-1,0.0202299768,0.020222022,confirmed_pivot,-0.6065849467508405,0.0
1787149380000,1787152980000,-1,0.0201549843,0.0202430241,confirmed_pivot,-5.3703244115153375,0.0
1787153580000,1787157120000,1,0.0206080606,0.020667933,opposite_break,1.5244761692908106,-0.37936155525474335
1787170200000,1787170320000,-1,0.020607939,0.0206890687,confirmed_pivot,-4.938786156636121,0.0
1787172840000,1787172960000,1,0.0208430841,0.0208119186,confirmed_pivot,-2.4944965486177453,0.0
1787173680000,1787175540000,1,0.0209940992,0.0209769021,confirmed_pivot,-1.8187301244152156,0.0
1787178780000,1787180100000,-1,0.0210268971,0.020940093799999997,confirmed_pivot,3.1302671163023805,0.0
1787182560000,1787182620000,-1,0.0208309167,0.020850084799999998,confirmed_pivot,-1.9206356266595712,0.0
1787186760000,1787187840000,1,0.0209360934,0.0213608637,confirmed_pivot,19.27875529300029,0.0
1787191380000,1787191560000,-1,0.0209939004,0.0210191017,confirmed_pivot,-2.2010107778733454,0.0
1787192040000,1787192160000,-1,0.020942905499999998,0.020992099,confirmed_pivot,-3.3501083338222903,0.0
1787192760000,1787193180000,-1,0.020928906900000002,0.0209140912,confirmed_pivot,-0.2917399881021134,0.0
1787198700000,1787199180000,-1,0.0207629235,0.0207610759,confirmed_pivot,-0.9109699652844967,0.0
1787199780000,1787199900000,-1,0.0207389259,0.020774077199999998,confirmed_pivot,-2.6957906026366434,0.0
1787210700000,1787211420000,-1,0.0208329165,0.0207350733,confirmed_pivot,3.698915852708354,0.0
1787215080000,1787215440000,1,0.0212431241,0.021135886200000002,confirmed_pivot,-6.045598780360076,0.0
1787215980000,1787216040000,1,0.0212551253,0.021195880200000003,confirmed_pivot,-3.7859387613206543,0.0
1787216760000,1787217660000,1,0.0212731271,0.0213158682,confirmed_pivot,1.008154666175066,0.0
1787217780000,1787217840000,1,0.0213551353,0.0213058692,confirmed_pivot,-3.305837273248301,0.0
1787219220000,1787220060000,1,0.0213691367,0.0213548643,confirmed_pivot,-1.667563879639443,0.0
1787222400000,1787222520000,1,0.021502149999999998,0.021437856,confirmed_pivot,-3.988624532895362,0.0
1787230620000,1787231220000,-1,0.021293870399999998,0.0207330731,confirmed_pivot,25.34925864158537,0.0
1787234040000,1787234100000,1,0.02140214,0.0213598638,confirmed_pivot,-2.9743381689868404,0.0
1787243460000,1787243700000,-1,0.02089791,0.020802079999999997,confirmed_pivot,3.58791883973094,0.0
1787245740000,1787251680000,1,0.0213001298,0.0223807617,confirmed_pivot,49.708216062138746,0.0
1787251860000,1787251980000,1,0.0224942492,0.0223757622,confirmed_pivot,-6.264801480904747,0.0
1787252940000,1787253420000,1,0.0227582756,0.0228387159,confirmed_pivot,2.5327843490040873,0.0
1787254320000,1787255280000,1,0.0230233021,0.0232226775,confirmed_pivot,7.655392325325916,0.0
1787255400000,1787255640000,1,0.0233393337,0.0232566741,confirmed_pivot,-4.539872699964862,0.0
1787257620000,1787257740000,1,0.0236003598,0.023395660199999998,confirmed_pivot,-9.669242839255514,0.0
1787259000000,1787259780000,1,0.0238403838,0.0240815916,confirmed_pivot,9.112555155257212,0.0
1787261220000,1787261340000,1,0.0243064304,0.024222577500000002,confirmed_pivot,-4.448098802282255,0.0
1787263380000,1787263740000,-1,0.0231486849,0.0231873185,confirmed_pivot,-2.669767287730492,0.0
1787266440000,1787266560000,1,0.0239973995,0.023957604,confirmed_pivot,-2.657496357053124,0.0
1787270580000,1787270820000,-1,0.023723627400000002,0.0236143612,confirmed_pivot,3.6080993963007053,0.0
1787272140000,1787272680000,1,0.0240634061,0.0239556042,confirmed_pivot,-5.477670309940008,0.0
1787273520000,1787273640000,1,0.0241674165,0.0241025895,confirmed_pivot,-3.681072116252059,0.0
1787276220000,1787276880000,-1,0.0236236374,0.0227542752,confirmed_pivot,35.818922775203156,0.0
1787279220000,1787279640000,-1,0.0226847313,0.023365336299999998,opposite_break,-31.01778127740033,0.0
1787280720000,1787282040000,1,0.0234003398,0.0235896408,confirmed_pivot,7.085624017305911,0.0
1787285340000,1787285580000,-1,0.0229767021,0.0230363034,confirmed_pivot,-3.595285450038539,0.0
1787286600000,1787286720000,-1,0.0228857112,0.0229752973,confirmed_pivot,-4.916456528997905,0.0
1787286960000,1787288280000,-1,0.022884711300000003,0.0232553253,opposite_break,-17.202927017042956,0.0
1787291880000,1787292000000,-1,0.0228517146,0.0228772875,confirmed_pivot,-2.119639681216727,0.0
1787292180000,1787293620000,-1,0.0227907207,0.0226232621,confirmed_pivot,6.351339674835288,0.0
1787297640000,1787298360000,1,0.0230753073,0.0230156982,confirmed_pivot,-3.5819502499106477,0.0
1787300400000,1787300520000,1,0.0236633661,0.0234526545,confirmed_pivot,-9.900096601218536,0.0
1787304180000,1787304840000,-1,0.0230816916,0.0230873085,confirmed_pivot,-1.243470389752611,0.0
1787306820000,1787307120000,-1,0.0230416956,0.0231283126,confirmed_pivot,-4.761021324316108,0.0
1787313720000,1787314260000,-1,0.023007699,0.0228642862,confirmed_pivot,5.236369243182436,0.0
1787319480000,1787321820000,1,0.0234213419,0.0232216776,opposite_break,-9.520624851558965,0.0
1787323620000,1787324340000,-1,0.0229587039,0.0229682966,confirmed_pivot,-1.418033021019172,0.0
1787326440000,1787326920000,-1,0.0229107087,0.0226142612,confirmed_pivot,11.945724535793234,0.0
1787338140000,1787338680000,-1,0.022247775,0.022169216699999997,confirmed_pivot,2.532828750290913,0.0
1787340300000,1787340840000,-1,0.021777822000000002,0.0217891787,confirmed_pivot,-1.5217408035569164,0.0
1787355900000,1787356080000,1,0.0220872085,0.022055794200000003,confirmed_pivot,-2.421573615787505,0.0
1787357160000,1787357280000,1,0.0221812179,0.022077792,confirmed_pivot,-5.660437831504389,0.0
1787359800000,1787360700000,-1,0.0219388059,0.021945194300000002,confirmed_pivot,-1.291337378576352,0.0
1787360820000,1787362320000,-1,0.021809818800000002,0.021961195899999997,opposite_break,-7.944247906818718,0.0
1787363820000,1787363940000,-1,0.0218348163,0.0218581856,confirmed_pivot,-2.0708120612857783,0.0
1787364300000,1787364720000,-1,0.021787821,0.0218061804,confirmed_pivot,-1.843066394753331,0.0
1787367240000,1787369340000,1,0.0220462044,0.022732726499999998,confirmed_pivot,30.124579383378858,0.0
1787371020000,1787371140000,1,0.0229962994,0.0229247073,confirmed_pivot,-4.111644300038994,0.0
1787373600000,1787373960000,1,0.0231193117,0.022837716,opposite_break,-13.174017367048087,0.0
1787380080000,1787380320000,1,0.0229052903,0.0228427155,confirmed_pivot,-3.730526956036857,0.0
1787386860000,1787387220000,1,0.023417341499999998,0.0233056692,confirmed_pivot,-5.7664020209124605,0.0
1787388840000,1787389260000,-1,0.0226507347,0.0227832781,confirmed_pivot,-6.854541738109592,0.0
1787390160000,1787390760000,1,0.023897389499999998,0.0236026395,confirmed_pivot,-13.327816182600046,0.0
1787391600000,1787391720000,-1,0.022753724399999998,0.022886288400000003,confirmed_pivot,-6.828948249017429,0.0
1787400960000,1787401020000,1,0.0230203018,0.02289771,confirmed_pivot,-6.322714930696459,0.0
1787402100000,1787402280000,-1,0.022749724800000003,0.0228402838,confirmed_pivot,-4.9826538692897495,0.0
1787407140000,1787407260000,-1,0.022727727,0.0229752973,confirmed_pivot,-11.898321910941625,0.0
1787408400000,1787408580000,-1,0.0226007397,0.0226282626,confirmed_pivot,-2.2183964691208837,0.0
1787410320000,1787411520000,-1,0.022668732900000002,0.0225892587,confirmed_pivot,2.5076480653227065,0.0
1787411700000,1787412300000,-1,0.0225537444,0.0225252523,confirmed_pivot,0.2639296404369713,0.0
1787414640000,1787415000000,1,0.022759275699999998,0.0227347263,confirmed_pivot,-2.078115385719288,0.0
1787415660000,1787416080000,1,0.0227582756,0.0227637234,confirmed_pivot,-0.7607430283513025,0.0
1787426580000,1787426820000,-1,0.0222027795,0.022232223,confirmed_pivot,-2.32678080913249,0.0
1787429400000,1787429580000,1,0.0223782376,0.022330766699999997,confirmed_pivot,-3.120236874685898,0.0
1787433240000,1787433900000,-1,0.0220517946,0.0220632061,confirmed_pivot,-1.5177449707426127,0.0
1787434020000,1787434920000,-1,0.022028796899999998,0.021852185,confirmed_pivot,7.021328025862287,0.0
1787443200000,1787443800000,1,0.0220502048,0.022099789800000002,confirmed_pivot,1.2476075823114936,0.0
1787445180000,1787447400000,1,0.022116211400000002,0.0220387959,opposite_break,-4.498645896014565,0.0
1787459940000,1787466720000,1,0.022234223199999997,0.0242425755,confirmed_pivot,89.2819093697864,0.0
1787470860000,1787470920000,-1,0.024222577500000002,0.0242904288,confirmed_pivot,-3.802559952589595,0.0
1787472420000,1787472540000,-1,0.0240035994,0.0240734071,confirmed_pivot,-3.9096721156744736,0.0
1787473260000,1787473980000,-1,0.0236706327,0.0235763574,confirmed_pivot,2.9847873457982548,0.0
1787476740000,1787476860000,1,0.024162416,0.0241465851,confirmed_pivot,-1.6548593712648412,0.0
1787477280000,1787477580000,1,0.0242574255,0.0242545743,confirmed_pivot,-1.1174804968481657,0.0
1787477880000,1787478540000,1,0.0243914389,0.0243725625,confirmed_pivot,-1.773507535875606,0.0
1787482080000,1787482200000,1,0.0244774475,0.0243635634,confirmed_pivot,-5.650287083651163,0.0
1787487600000,1787487720000,1,0.024726472399999998,0.0247145283,confirmed_pivot,-1.4828075657891948,0.0
1787495640000,1787495760000,1,0.0249604958,0.0248155182,confirmed_pivot,-6.805377920417694,0.0
1787498040000,1787498220000,1,0.0251645162,0.0250754922,confirmed_pivot,-4.5359109347788715,0.0
1787498700000,1787501820000,1,0.0253345332,0.0255324465,confirmed_pivot,6.147727505458892,-0.6603636003997896
1787505060000,1787505540000,1,0.027078707599999998,0.0269293068,confirmed_pivot,-6.514520921965926,0.0
1787507460000,1787507580000,-1,0.0261683829,0.0262436241,confirmed_pivot,-3.8767089234238803,0.0
1787507880000,1787509860000,-1,0.0261203877,0.0256195617,confirmed_pivot,18.183345161450237,0.0
1787512860000,1787512980000,1,0.026192619,0.0259664031,confirmed_pivot,-9.63230943228701,0.0
1787515140000,1787516940000,-1,0.025373462399999998,0.025532553,confirmed_pivot,-6.5278452009766585,0.7452500034051325
1787517900000,1787519280000,1,0.0257435741,0.025867413000000002,confirmed_pivot,3.808072883322084,0.0
1787519580000,1787519700000,1,0.0260005998,0.0259134084,confirmed_pivot,-4.351761304368015,0.0
1787523060000,1787524140000,-1,0.025184481300000002,0.0254105408,opposite_break,-9.980630851825282,0.0
1787528160000,1787528460000,-1,0.0251384859,0.0250745072,confirmed_pivot,1.546322384117878,0.0
1787528700000,1787530020000,-1,0.0250054992,0.0243534351,confirmed_pivot,25.527809895912764,0.43794354963327425
1787531340000,1787531700000,-1,0.024172582499999998,0.0241564154,confirmed_pivot,-0.3308458643176076,0.0
1787533020000,1787533440000,1,0.0246204618,0.0245485449,confirmed_pivot,-3.919561059979787,0.0
1787536320000,1787537700000,-1,0.0235236474,0.0232343232,confirmed_pivot,11.305441293938104,0.0
1787539140000,1787544120000,-1,0.0230226975,0.0221762174,confirmed_pivot,36.244408869499395,0.45882629169757366
1787544300000,1787545080000,-1,0.022117788,0.0226412639,confirmed_pivot,-24.67947635405496,0.0
1787548680000,1787549760000,1,0.0229442942,0.022774722299999998,confirmed_pivot,-8.386895956468424,0.0
1787549940000,1787550960000,1,0.023162316,0.023747625,confirmed_pivot,24.257247397022066,0.0
1787551320000,1787552040000,1,0.0239883986,0.0243015696,confirmed_pivot,12.048574843174443,0.0
1787553900000,1787554020000,-1,0.0229447053,0.0233333331,confirmed_pivot,-17.9460495925393,0.0
1787554980000,1787556000000,-1,0.0229287069,0.022480247800000002,confirmed_pivot,18.56862772536028,0.0
1787556660000,1787557560000,-1,0.0224057592,0.0221542152,confirmed_pivot,10.2323697560759,0.0
1787557980000,1787559540000,-1,0.0220447953,0.0217461744,confirmed_pivot,12.60284526887855,0.049976830585494264
1787560860000,1787562660000,1,0.0225092507,0.022691730599999998,confirmed_pivot,7.10283125284119,0.0
1787563260000,1787563500000,1,0.0228252823,0.022816718099999998,confirmed_pivot,-1.3750191470798052,0.0
1787565660000,1787566860000,1,0.0229862984,0.023211678599999997,confirmed_pivot,8.800077680188666,0.0
1787568180000,1787570220000,1,0.0234613459,0.023687631,confirmed_pivot,8.640195341478728,0.0
1787572320000,1787572920000,-1,0.023266673100000003,0.0234593457,opposite_break,-8.593825519472121,0.6913700248790619
1787575080000,1787575140000,1,0.0235563554,0.0235446453,confirmed_pivot,-1.4968614520903114,0.0
1787575980000,1787576580000,1,0.0236573655,0.0238706127,confirmed_pivot,8.009480637224756,0.0
1787578980000,1787579160000,1,0.024291428900000002,0.0242705727,confirmed_pivot,-1.8581533834760258,0.0
1787582700000,1787583060000,1,0.025100509799999997,0.0250554942,confirmed_pivot,-2.7925170667249377,0.0
1787587020000,1787587140000,-1,0.024833516400000002,0.024918491600000002,confirmed_pivot,-4.423505806853846,0.0
1787587440000,1787587680000,1,0.0250735071,0.0250414956,confirmed_pivot,-2.2760677683577097,0.0
1787587860000,1787588160000,1,0.0250945092,0.025049494800000002,confirmed_pivot,-2.7928978981584494,0.0
1787588460000,1787588880000,1,0.0251435141,0.0250124985,confirmed_pivot,-6.208106220919982,0.0
1787590560000,1787592120000,1,0.0252445242,0.025838415899999998,confirmed_pivot,22.513802417000914,0.0
1787597160000,1787597820000,1,0.025919591699999998,0.0257734224,opposite_break,-6.636516849530412,0.0
1787599920000,1787601000000,1,0.0259905988,0.0262543743,confirmed_pivot,9.143806777164386,0.0
1787601300000,1787603220000,1,0.026368636600000002,0.0265853412,confirmed_pivot,6.391142145741399,-0.8230196626851765
1787603340000,1787604120000,1,0.0266716669,0.0267113286,confirmed_pivot,0.48629140048231456,0.0
1787604300000,1787606700000,1,0.026862685999999997,0.026953304400000003,confirmed_pivot,2.371706418338285,0.0
1787608560000,1787609940000,-1,0.026867313,0.0267896787,confirmed_pivot,1.8909894022524902,0.0
1787612160000,1787612280000,1,0.0270437041,0.0269943003,confirmed_pivot,-2.825899955028728,0.0
1787615820000,1787615940000,-1,0.0267423255,0.0268016799,confirmed_pivot,-3.220602587460071,0.0
1787621760000,1787621880000,-1,0.0261843813,0.0262946292,confirmed_pivot,-5.2125503247998815,0.0
1787626380000,1787626620000,-1,0.0260423955,0.0260696067,confirmed_pivot,-2.045403277129475,0.0
1787628900000,1787629200000,-1,0.0259914006,0.026012601,confirmed_pivot,-1.8160776145322801,0.0
1787630160000,1787630280000,-1,0.0259084089,0.0259885986,confirmed_pivot,-4.096670087293561,0.0
1787641260000,1787641920000,-1,0.0255844413,0.0256535651,confirmed_pivot,-3.703141377568447,0.0
1787642280000,1787642400000,-1,0.0254494548,0.0255085506,confirmed_pivot,-3.323246150640479,0.0
1787643240000,1787643360000,-1,0.0253904607,0.0254075405,confirmed_pivot,-1.6730220495762795,0.0
1787651400000,1787651520000,1,0.0266706668,0.0265353462,confirmed_pivot,-6.071224529714378,0.0
1787663640000,1787663880000,-1,0.026957304,0.026976697400000003,confirmed_pivot,-1.7197714096335956,0.0
1787664180000,1787665440000,-1,0.0268743123,0.026821681899999998,confirmed_pivot,0.9593697733431228,0.0
1787665560000,1787665680000,-1,0.026747325,0.0268536851,confirmed_pivot,-4.978464390364313,0.0
1787666940000,1787667120000,1,0.0272247222,0.027215278199999998,confirmed_pivot,-1.346717146667554,0.0
1787668140000,1787668800000,1,0.0272607258,0.026947305,opposite_break,-12.491406791524183,0.0
1787669820000,1787670000000,1,0.0272887286,0.027277271999999998,confirmed_pivot,-1.4196190987073338,0.0
1787672160000,1787672460000,1,0.027535753299999997,0.0276212376,confirmed_pivot,2.1029315566247564,0.0
1787673600000,1787673720000,1,0.028179817700000002,0.0280311966,confirmed_pivot,-6.271389298235343,0.0
1787678040000,1787679240000,1,0.029939993699999997,0.0308949102,confirmed_pivot,30.878398215895533,0.0
1787679900000,1787680020000,1,0.031507150399999996,0.0310488948,confirmed_pivot,-15.537223023507558,0.0
1787680320000,1787680380000,1,0.0318641861,0.0314808516,confirmed_pivot,-13.024246643161517,0.0
1787681040000,1787682060000,1,0.0325072504,0.032776721999999994,confirmed_pivot,7.285439736853118,0.0
1787684400000,1787684820000,1,0.033442343900000004,0.033706628999999995,confirmed_pivot,6.8987572832773365,0.0
1787685840000,1787685960000,1,0.0355285525,0.0353374659,confirmed_pivot,-6.375706108488408,0.0
1787686620000,1787690460000,1,0.036080607699999996,0.0345345462,opposite_break,-44.380110929295526,-0.5513292718847416
1787695680000,1787696220000,1,0.039543954,0.0425827413,confirmed_pivot,75.80739023593843,0.0
1787699940000,1787700120000,1,0.0452835279,0.045235476000000004,confirmed_pivot,-2.060603629559491,0.0
1787708520000,1787709000000,1,0.0433893385,0.0436236372,confirmed_pivot,4.397214125539231,0.0
1787710320000,1787711820000,-1,0.0406529343,0.036193618999999996,confirmed_pivot,108.74718146360232,0.0
1787713320000,1787713440000,-1,0.035066493,0.0353365333,confirmed_pivot,-8.704657553009454,0.0
1787713560000,1787714400000,-1,0.0346415355,0.0355615558,confirmed_pivot,-27.571579373264143,0.0
1787717880000,1787718060000,1,0.03843884349999999,0.0380031993,confirmed_pivot,-12.327769991310864,0.0
1787725440000,1787727120000,-1,0.0339966,0.034293429,confirmed_pivot,-9.735503388574106,0.0
1787729220000,1787729760000,1,0.0353155312,0.0349435053,confirmed_pivot,-11.529075293931957,0.0
1787730120000,1787730240000,1,0.0355525549,0.0353844612,confirmed_pivot,-5.72567031040564,0.0
1787730420000,1787731020000,1,0.0361566153,0.0371352861,confirmed_pivot,26.054010904610248,0.0
1787735340000,1787735640000,1,0.038487848399999997,0.037968202799999996,confirmed_pivot,-14.49479897660375,0.0
1787740200000,1787740860000,1,0.037134713099999994,0.0369053091,confirmed_pivot,-7.174527251161005,0.0
1787742360000,1787742540000,-1,0.0351084888,0.0354365433,confirmed_pivot,-10.348694246560706,0.0
1787745840000,1787747460000,1,0.0367886785,0.0373052691,confirmed_pivot,13.035087036355637,0.0
1787748960000,1787749260000,1,0.0379587955,0.038181181499999994,confirmed_pivot,4.855686516712341,0.0
1787751120000,1787752140000,1,0.0388998896,0.0407169279,confirmed_pivot,45.68727339652905,0.0
1787752260000,1787752440000,1,0.0412581254,0.041155884000000004,confirmed_pivot,-3.4768522153940222,0.0
1787755020000,1787756580000,-1,0.035709428700000004,0.0346054602,confirmed_pivot,29.930780033733875,0.0
1787757780000,1787758560000,-1,0.032874712199999996,0.03479547919999999,opposite_break,-59.456097556345966,0.0
1787760060000,1787762040000,1,0.036579657599999996,0.0354024594,opposite_break,-33.16568109429196,0.0
1787762820000,1787764140000,-1,0.0350954901,0.0358125809,opposite_break,-21.44277892560333,0.0
1787765520000,1787767920000,-1,0.0350424954,0.0348344831,confirmed_pivot,4.938969350624429,0.0
1787769600000,1787770200000,-1,0.0344385558,0.0337153712,confirmed_pivot,20.00977162056264,0.0
1787771220000,1787771340000,-1,0.0334096587,0.0335623559,confirmed_pivot,-5.572735985477245,0.0
1787771460000,1787771760000,-1,0.0331486848,0.0331673164,confirmed_pivot,-1.5623425457893036,0.0
1787772600000,1787772660000,-1,0.0330336963,0.033213321000000004,confirmed_pivot,-6.440339183296471,0.0
1787773620000,1787773860000,-1,0.033016698000000004,0.0331623159,confirmed_pivot,-5.412637173771852,0.0
1787776020000,1787776260000,-1,0.0328897107,0.0333013298,confirmed_pivot,-13.521390452668326,0.0
1787779020000,1787779500000,-1,0.0327007296,0.032663266,confirmed_pivot,0.14622310445316777,0.0
1787787540000,1787787660000,-1,0.031977801900000005,0.0322372234,confirmed_pivot,-9.116605749252436,0.0
1787788500000,1787788680000,-1,0.031726827,0.0317841781,confirmed_pivot,-2.8085570154871933,0.0
1787796420000,1787796660000,-1,0.0298130184,0.0298279825,confirmed_pivot,-1.5021826991526825,0.0
1787804640000,1787805060000,1,0.0306420639,0.030546945000000002,confirmed_pivot,-4.102641547261976,0.0
1787805180000,1787806920000,-1,0.030351964500000002,0.030550054700000003,opposite_break,-7.529700741446263,0.0
1787807220000,1787807700000,-1,0.030297969900000003,0.030288028499999998,confirmed_pivot,-0.6717149454952503,0.0
1787807940000,1787809860000,-1,0.0301899807,0.0304510448,opposite_break,-9.65169920595543,0.0
1787811540000,1787811720000,1,0.0308140811,0.0307599237,confirmed_pivot,-2.7566748501872733,0.0
1787812500000,1787812920000,1,0.031023102,0.0311908806,confirmed_pivot,4.405478494703655,0.0
1787818500000,1787818800000,-1,0.0313298667,0.0313641361,confirmed_pivot,-2.0943721857585125,0.0
1787820420000,1787820540000,-1,0.030187980899999998,0.030423041999999997,confirmed_pivot,-8.790472351531122,0.0
1787823660000,1787824140000,1,0.032163216,0.0323357661,confirmed_pivot,4.362144909576263,0.0
1787828400000,1787829960000,-1,0.030736926,0.0309650962,opposite_break,-8.427036948977882,0.0
1787831340000,1787831460000,1,0.0318371834,0.0316178379,confirmed_pivot,-7.886156494924185,0.0
1787831580000,1787831940000,1,0.0321502147,0.031749824700000005,confirmed_pivot,-13.447500233956246,0.0
1787834820000,1787835660000,1,0.0322262223,0.0328837113,confirmed_pivot,19.392097136995083,0.0
1787841060000,1787842560000,1,0.0336123609,0.033947604900000004,confirmed_pivot,8.96884387255301,0.0
1787844000000,1787844240000,1,0.034263426,0.033905609100000005,confirmed_pivot,-11.437893500492189,0.0
1787844780000,1787844900000,1,0.0344954492,0.034221577499999996,confirmed_pivot,-8.935387724998934,0.0
1787845020000,1787845140000,1,0.034503450000000005,0.0344185578,confirmed_pivot,-3.4591672397979254,0.0
1787845260000,1787845380000,1,0.0346974694,0.0344475549,confirmed_pivot,-8.19907091408795,0.0
1787850120000,1787850360000,1,0.035575557199999996,0.0355624434,confirmed_pivot,-1.3684339510499333,0.0
1787861160000,1787862300000,-1,0.0340685928,0.0344174414,opposite_break,-11.244715017991583,0.0
1787864940000,1787865060000,-1,0.0340635933,0.0340964093,confirmed_pivot,-1.9638562705596303,0.0
1787867700000,1787867820000,-1,0.0340025994,0.0340374034,confirmed_pivot,-2.02408058837994,0.0
1787871600000,1787871660000,-1,0.0337036293,0.0337883785,confirmed_pivot,-3.515799525483083,0.0
1787872200000,1787873580000,-1,0.0336136383,0.033652364899999995,confirmed_pivot,-2.1526857924212552,0.0
1787874660000,1787874840000,-1,0.0335436453,0.0335443541,confirmed_pivot,-1.02114124429997,0.0
1787880540000,1787880660000,1,0.0341454142,0.033936606,confirmed_pivot,-7.112205717510391,0.0
1787881200000,1787881320000,1,0.0341414138,0.034033596299999996,confirmed_pivot,-4.156389242732615,0.0
1787884200000,1787885820000,-1,0.0335456451,0.0331773174,confirmed_pivot,9.985386113501722,0.0
1787887380000,1787887500000,1,0.0359505947,0.035686431,confirmed_pivot,-8.344290695419296,0.0
1787887620000,1787887740000,1,0.0359725969,0.0350604936,confirmed_pivot,-26.342825564812127,0.0
1787890440000,1787890800000,1,0.037966796299999994,0.0375732423,confirmed_pivot,-11.360558733790173,0.0
1787891580000,1787892000000,1,0.038375837200000006,0.0384941502,confirmed_pivot,2.0814661549584352,0.0
1787892240000,1787892840000,1,0.0390299026,0.03922107750000001,confirmed_pivot,3.8957158440361406,0.0
1787895180000,1787895480000,1,0.0400520048,0.040198979700000005,confirmed_pivot,2.667766776808291,0.0
1787896020000,1787896500000,1,0.0406610657,0.0406269369,confirmed_pivot,-1.838928715043446,0.0
1787896980000,1787898600000,1,0.0413291325,0.043787620799999996,confirmed_pivot,58.45585854844639,0.0
1787898960000,1787900160000,1,0.0441754171,0.0429277068,opposite_break,-29.230326428542153,0.0
1787900580000,1787901540000,1,0.0450965092,0.0460113984,confirmed_pivot,19.277218162154284,0.0
1787904180000,1787905500000,1,0.047238723399999995,0.0521807814,confirmed_pivot,103.56647884349913,0.0
1787910180000,1787910300000,-1,0.0529017093,0.0536473642,confirmed_pivot,-15.102147876155609,0.0
1787910900000,1787911020000,-1,0.0518658129,0.0529942989,confirmed_pivot,-22.768679210270275,0.0
1787911920000,1787912160000,-1,0.0522237771,0.0521172112,confirmed_pivot,1.0415831422120758,0.0
1787914020000,1787914620000,1,0.0566136608,0.0558034191,confirmed_pivot,-15.304614252219471,0.0
1787920320000,1787920800000,1,0.058745874,0.059175081899999996,confirmed_pivot,6.3025264046628875,0.0
1787922180000,1787922540000,1,0.0595239518,0.0595600434,confirmed_pivot,-0.39396573800739965,0.0
1787928600000,1787929200000,1,0.0610821076,0.061987800600000004,confirmed_pivot,13.82005433453652,0.0
1787929620000,1787931420000,1,0.0624502444,0.0630476946,opposite_break,8.562035835683536,0.0
1787932800000,1787934780000,-1,0.0595310463,0.060767076100000005,confirmed_pivot,-21.773157734672697,0.0
1787935980000,1787937600000,1,0.0625532547,0.0625287465,confirmed_pivot,-1.3916014605073632,0.0
1787941080000,1787941140000,-1,0.061448854500000004,0.0618701864,confirmed_pivot,-7.8600557224381635,0.0
1787941920000,1787942820000,-1,0.0609049089,0.060627062100000004,confirmed_pivot,3.564258093816722,0.0
1787946480000,1787947620000,1,0.06309630899999999,0.061683831,opposite_break,-24.386811970253095,-1.011941183437529
1787951640000,1787951820000,1,0.0632833277,0.0630806913,confirmed_pivot,-4.200449299381541,0.0
1787953980000,1787954340000,-1,0.0610758918,0.0612541248,confirmed_pivot,-3.91968092883418,0.0
1787961300000,1787961780000,-1,0.0619068087,0.06340333969999999,opposite_break,-24.097306185159376,1.0887130418337974
1787963160000,1787963220000,-1,0.0613998594,0.062426242,confirmed_pivot,-17.724725452710082,0.0
1787964540000,1787965020000,1,0.0633773371,0.063113688,confirmed_pivot,-5.157910185374435,0.0
1787966460000,1787967120000,1,0.06491449079999999,0.06473052630000001,confirmed_pivot,-3.8325342382564096,0.0
1787969580000,1787969940000,-1,0.0610688925,0.0604650459,confirmed_pivot,8.892901255741608,0.0
1787974560000,1787975220000,1,0.0631333127,0.062363763,opposite_break,-13.183186534262076,0.0
1787977140000,1787977800000,1,0.06355035440000001,0.0637676226,confirmed_pivot,2.417125961771117,0.0
1787979720000,1787979900000,1,0.0639253919,0.0638446149,confirmed_pivot,-2.262981877785001,0.0
1787980080000,1787980200000,1,0.064076407,0.06362463689999999,confirmed_pivot,-8.04696527303743,0.0
1787983440000,1787983920000,1,0.0644484442,0.0647295264,confirmed_pivot,3.3591689820807904,0.0
1787985900000,1787986020000,-1,0.06272372699999999,0.0629042898,confirmed_pivot,-3.880139463013828,0.0
1787990700000,1787990880000,1,0.0636283622,0.0634446549,confirmed_pivot,-3.8857484304381837,0.0
1787993580000,1787993700000,-1,0.0625607433,0.0628292823,confirmed_pivot,-5.294598422714044,0.0
1787993940000,1787994420000,-1,0.0625287465,0.0628012795,confirmed_pivot,-5.360702585010326,0.0
1787998980000,1787999460000,1,0.06690669,0.0666813312,confirmed_pivot,-4.3665709751895605,0.0
1788002100000,1788002700000,1,0.07036403570000001,0.07117488179999999,confirmed_pivot,10.517825390307799,0.0
1788003960000,1788004260000,1,0.0731103103,0.07247975129999999,confirmed_pivot,-9.620449262407286,0.0
1788005280000,1788005340000,1,0.0742894282,0.0734896503,confirmed_pivot,-11.760319878865252,0.0
1788009720000,1788009840000,1,0.07372237150000001,0.0726937299,confirmed_pivot,-14.945933348061175,0.0
1788014460000,1788014760000,1,0.0743824375,0.0745135479,confirmed_pivot,0.7617713159777679,0.0
1788015420000,1788015600000,1,0.0760986091,0.0756194373,confirmed_pivot,-7.293573821706173,0.0
1788015780000,1788015900000,1,0.0767946787,0.07626437280000001,confirmed_pivot,-7.902050454831659,0.0
1788019440000,1788019560000,-1,0.0734936499,0.0738493842,confirmed_pivot,-5.842760804971361,0.0
1788025440000,1788025560000,1,0.0762896282,0.076132386,confirmed_pivot,-3.060091032138554,0.0
1788030420000,1788030660000,1,0.0772997292,0.07607939130000001,confirmed_pivot,-16.779197982623632,0.0
1788031680000,1788031740000,-1,0.07390460880000001,0.07440643990000001,confirmed_pivot,-7.793649593744991,0.0
1788031980000,1788032460000,-1,0.07409858940000001,0.0742724265,confirmed_pivot,-3.347197429240002,0.0
1788034920000,1788035160000,-1,0.0735566436,0.0737813774,confirmed_pivot,-4.056775783880405,0.0
1788035880000,1788036120000,1,0.0751865179,0.0750344958,confirmed_pivot,-3.0209220109393584,0.0
1788038640000,1788038760000,1,0.0750395032,0.0748075185,confirmed_pivot,-4.089955260391344,0.0
1788039120000,1788040500000,1,0.07525752499999999,0.0759154077,confirmed_pivot,7.737382190684784,0.0
1788042000000,1788043020000,1,0.0755925585,0.0756374355,confirmed_pivot,-0.4066272872613682,0.0
1788043860000,1788044400000,-1,0.0749205072,0.07633963319999999,opposite_break,-19.95122732164302,0.0
1788046500000,1788046560000,-1,0.07508949029999999,0.07539353859999999,confirmed_pivot,-5.051170449215292,0.0
1788046860000,1788047640000,-1,0.0749415051,0.0746114604,confirmed_pivot,3.406232860007024,0.0
1788052920000,1788053040000,-1,0.07464053520000001,0.0748084801,confirmed_pivot,-3.251174539407568,0.0
1788055440000,1788056580000,1,0.0754285421,0.0745535439,opposite_break,-12.594559255043464,0.0
1788056580000,1788056820000,-1,0.0745535439,0.07436543579999999,confirmed_pivot,1.5243891062033676,0.0
1788057120000,1788057600000,-1,0.07402659660000001,0.073157315,confirmed_pivot,10.748699531595209,0.0
1788057720000,1788057840000,-1,0.07279571970000001,0.0732423235,confirmed_pivot,-7.138095807575161,0.0
1788058140000,1788058320000,-1,0.07269672960000001,0.0732323225,confirmed_pivot,-8.371180236008755,0.0
1788067080000,1788067260000,-1,0.07206579269999999,0.072267226,confirmed_pivot,-3.7965281321329565,0.0
1788068940000,1788069000000,-1,0.0719478045,0.072147214,confirmed_pivot,-3.7729714080434147,0.0
1788069900000,1788071220000,-1,0.0719808012,0.07283628290000001,opposite_break,-12.890801805218134,0.0
1788075000000,1788075360000,1,0.0752785271,0.0751174875,confirmed_pivot,-3.1381805197409305,0.0
1788078720000,1788079560000,-1,0.07315268400000001,0.0708110804,confirmed_pivot,31.025816056181963,0.0
1788082320000,1788082560000,-1,0.0722737719,0.07210420969999999,confirmed_pivot,1.347282792085944,0.0
1788085380000,1788085500000,-1,0.07144185509999999,0.0720812074,confirmed_pivot,-9.953742526067284,0.0
1788088920000,1788089040000,1,0.0731183111,0.0727187274,confirmed_pivot,-6.462159917832094,0.0
1788089220000,1788089520000,1,0.0730513044,0.0722767716,opposite_break,-11.597285564691507,0.0
1788090720000,1788092700000,-1,0.071522847,0.07181518079999999,confirmed_pivot,-4.205994447558675,0.8833277644051277
1788093720000,1788094020000,1,0.0727442737,0.0728447148,confirmed_pivot,0.3800519868273984,0.0
1788101280000,1788103500000,-1,0.07032796649999999,0.0694739467,confirmed_pivot,11.14945991506799,0.0
1788114360000,1788115560000,-1,0.0693600633,0.0697729766,confirmed_pivot,-6.956161759298711,0.0
1788120540000,1788122100000,-1,0.0691000893,0.0698359829,opposite_break,-11.6550013792818,0.0
1788129600000,1788130440000,1,0.0713051298,0.0719258067,confirmed_pivot,7.700167341256165,0.0
1788130800000,1788130860000,1,0.07235723499999999,0.0719418051,confirmed_pivot,-6.738502653535423,0.0
1788134460000,1788134580000,-1,0.0707099283,0.07150714999999999,confirmed_pivot,-12.28017422766909,0.0
1788135840000,1788135960000,1,0.0731983191,0.0722997693,confirmed_pivot,-13.26941460053294,0.0
1788136380000,1788136440000,1,0.0729762969,0.0725337459,confirmed_pivot,-7.061279391939102,0.0
1788138720000,1788138840000,-1,0.0700159977,0.0705080501,confirmed_pivot,-8.031227753253857,0.0
1788139920000,1788140100000,-1,0.0697870206,0.07031203050000001,confirmed_pivot,-8.526792237781992,0.0
1788144900000,1788145020000,-1,0.0696970296,0.07006300559999999,confirmed_pivot,-6.253580964661227,0.0
1788145560000,1788145620000,-1,0.0696800313,0.0701160109,confirmed_pivot,-7.260008522699919,0.0
1788146040000,1788147000000,-1,0.06953804549999999,0.069126912,confirmed_pivot,4.9153095804223295,0.0
1788147540000,1788147660000,-1,0.0686271366,0.06900690000000001,confirmed_pivot,-6.536487467262484,0.0
1788150360000,1788152040000,-1,0.0676542339,0.0669946988,confirmed_pivot,8.753489611978255,0.0
1788152700000,1788152940000,-1,0.06570142920000001,0.0660926086,confirmed_pivot,-6.95687178293523,0.0
1788156420000,1788156540000,1,0.06915791510000001,0.0687381255,confirmed_pivot,-7.066980252272118,0.0
1788166080000,1788166500000,-1,0.0680991894,0.06750975029999999,confirmed_pivot,7.659924218569413,0.0
1788167640000,1788168060000,-1,0.06592440690000001,0.0664226416,confirmed_pivot,-8.561445613096424,0.0
1788168480000,1788168660000,-1,0.0654384555,0.0657405734,confirmed_pivot,-5.619133453569908,0.0
1788176100000,1788176340000,-1,0.0657004293,0.0656015595,confirmed_pivot,0.505610175670469,0.0
1788177180000,1788177660000,-1,0.0654474546,0.0651845178,confirmed_pivot,3.2128274079585375,0.193293416792408
1788177780000,1788177900000,-1,0.0648585135,0.06530653,confirmed_pivot,-7.9110512107249455,0.0
1788184200000,1788184320000,1,0.06599659899999999,0.0657974196,confirmed_pivot,-4.016516204115083,0.0
1788184500000,1788184620000,1,0.06616761609999999,0.0660173976,confirmed_pivot,-3.2691370733846554,0.0
1788184920000,1788185100000,1,0.0663376331,0.06595940339999999,confirmed_pivot,-6.698734903311015,0.0
1788189480000,1788193560000,-1,0.0648225171,0.0641634157,confirmed_pivot,9.674670929855031,0.5018023002287889
1788194940000,1788195300000,-1,0.06386261309999999,0.0639183912,confirmed_pivot,-1.873844434812216,0.0
1788196920000,1788197280000,-1,0.0636316362,0.063696369,confirmed_pivot,-2.01781394079583,0.0
1788197580000,1788197700000,-1,0.0636016392,0.0638183812,confirmed_pivot,-4.409509153028118,0.0
1788198360000,1788198480000,-1,0.0634146579,0.0636443638,confirmed_pivot,-4.624095131324548,0.0
1788199080000,1788199980000,-1,0.063323667,0.0636553649,opposite_break,-6.240753807735061,0.0
1788205260000,1788205380000,1,0.0645774571,0.0643455648,confirmed_pivot,-4.5891217192259885,0.0
1788206940000,1788207240000,-1,0.0633946599,0.06332233159999999,confirmed_pivot,0.14149147994731104,0.0
1788207420000,1788207840000,-1,0.06309668970000001,0.0631513145,confirmed_pivot,-1.86616449547251,0.0
1788208320000,1788208800000,-1,0.0629667027,0.0631613155,confirmed_pivot,-4.092270963078294,0.0
1788209280000,1788209520000,-1,0.0628277166,0.062796279,confirmed_pivot,-0.49937192528809354,0.0
1788210060000,1788210240000,-1,0.0625827411,0.0626622656,confirmed_pivot,-2.271345116105776,0.0
1788210720000,1788210840000,-1,0.0625187475,0.0628312825,confirmed_pivot,-6.0015600120588255,0.0
1788211560000,1788212160000,-1,0.0624127581,0.06251725109999999,confirmed_pivot,-2.6750621136224106,0.0
1788212280000,1788212400000,-1,0.0624467547,0.0627552749,opposite_break,-5.943002427954871,0.0
1788213480000,1788213780000,-1,0.06249375,0.0627042698,confirmed_pivot,-4.370337992199269,0.0
1788216360000,1788218520000,1,0.0629932987,0.0626677326,opposite_break,-6.165681487799394,0.0
1788219900000,1788219960000,1,0.063236323,0.0628387155,confirmed_pivot,-7.284500385166197,0.0
1788228360000,1788228540000,-1,0.0625247469,0.06285728510000001,confirmed_pivot,-6.321164588352935,0.0
1788228720000,1788228900000,-1,0.0624427551,0.06282128149999999,confirmed_pivot,-7.065005661481384,0.0
1788229020000,1788229140000,-1,0.0625227471,0.06295729509999999,confirmed_pivot,-7.953713554918206,0.0
1788235320000,1788235380000,1,0.06384638399999999,0.06338566080000001,confirmed_pivot,-8.212512432966996,0.0
1788236040000,1788236220000,1,0.0637993793,0.06331666770000001,confirmed_pivot,-8.56230310535311,0.0
1788237420000,1788237720000,1,0.0646654659,0.06442955639999999,confirmed_pivot,-4.646328716082228,0.0
1788238080000,1788238620000,1,0.06484748409999999,0.0640365957,opposite_break,-13.498294529825673,0.0
1788240300000,1788240420000,1,0.0643294323,0.064083591,confirmed_pivot,-4.819688291420031,0.0
1788242880000,1788243360000,1,0.06541354070000001,0.0659044089,confirmed_pivot,6.500324254730247,0.0
1788244620000,1788244920000,1,0.066236623,0.0665753418,confirmed_pivot,4.1112122760245855,0.0
1788247080000,1788247320000,-1,0.065123487,0.0651615155,confirmed_pivot,-1.5842364406870464,0.0
1788250440000,1788251220000,-1,0.0645075486,0.06424642400000001,confirmed_pivot,3.049993651440594,0.0
1788252960000,1788253260000,-1,0.0642295764,0.0646004594,confirmed_pivot,-6.777220749349397,0.0
1788255660000,1788255840000,-1,0.0643285665,0.0644304424,confirmed_pivot,-2.584472396878181,0.0
1788257700000,1788258000000,-1,0.0623807613,0.0628442838,confirmed_pivot,-8.434251387534776,0.0
1788259140000,1788260160000,-1,0.0624117582,0.0617921786,confirmed_pivot,8.932253275313162,0.0
1788260520000,1788260820000,-1,0.061614837900000004,0.061916191,confirmed_pivot,-5.893363138264437,0.0
1788262920000,1788264420000,-1,0.0616318362,0.0614731467,confirmed_pivot,1.8252392449406907,0.24915430996034485
1788265080000,1788267780000,1,0.06220622,0.0623317662,confirmed_pivot,1.0172167172350273,0.0
1788268980000,1788269100000,-1,0.0612998694,0.061386138,confirmed_pivot,-2.408024766525873,0.0
1788270060000,1788270120000,1,0.061969196299999994,0.0615648429,confirmed_pivot,-7.521808373041537,0.0
1788273180000,1788273660000,-1,0.060811918199999995,0.0603400334,confirmed_pivot,6.763621940805604,0.0
1788276360000,1788276720000,1,0.069656965,0.06960503879999999,confirmed_pivot,-1.7450832361130053,0.0
1788278880000,1788279000000,1,0.079517951,0.0775842408,confirmed_pivot,-25.30574883525366,0.0
1788279540000,1788279780000,1,0.0789318924,0.0788831109,confirmed_pivot,-1.6177111401676907,0.0
1788279900000,1788280560000,1,0.0802790271,0.08589240990000001,confirmed_pivot,68.88844174221452,0.0
1788290160000,1788290220000,-1,0.06642235710000001,0.0671217115,confirmed_pivot,-11.534165117726461,0.0
1788290400000,1788290640000,-1,0.0666023391,0.0673307324,confirmed_pivot,-11.94192045651428,0.0
1788293460000,1788294900000,-1,0.06750924840000001,0.0622142208,confirmed_pivot,77.47332386831927,0.0
1788295620000,1788295860000,-1,0.0622707723,0.0622302224,confirmed_pivot,-0.3484876860921962,0.0
1788298320000,1788299220000,1,0.068656865,0.065303469,opposite_break,-49.81841461884394,0.0
1788301680000,1788301860000,-1,0.06373262610000001,0.06385738510000001,confirmed_pivot,-2.958516181400566,0.0
1788305100000,1788305280000,1,0.0657735767,0.0654304563,confirmed_pivot,-6.214082265348475,0.0
1788306960000,1788307260000,1,0.06557955730000001,0.0647925201,confirmed_pivot,-13.684811785089725,-0.6895542111260942
1788312240000,1788312360000,1,0.0659745968,0.0658384155,confirmed_pivot,-3.0631154406690695,0.0
1788313740000,1788314400000,-1,0.06405559379999999,0.0630383032,confirmed_pivot,14.88931090823772,0.0
1788318420000,1788320460000,1,0.0702230216,0.0729927,confirmed_pivot,38.42145321755834,0.0
1788326280000,1788326400000,-1,0.0713988594,0.0719201913,confirmed_pivot,-8.305334711691557,0.0
1788328020000,1788328200000,-1,0.07138486079999999,0.0716521645,confirmed_pivot,-4.746415540394425,0.0
1788329100000,1788329220000,-1,0.0710958897,0.07160315960000001,confirmed_pivot,-8.138577730605569,0.0
1788330180000,1788330780000,-1,0.0693380655,0.0688708864,confirmed_pivot,5.7410690820326735,0.0
1788330900000,1788331260000,-1,0.0686411352,0.0682138207,confirmed_pivot,5.228454060445054,0.0
1788331380000,1788331920000,-1,0.0675582435,0.06745574489999999,confirmed_pivot,0.5179472405912156,0.0
1788332160000,1788332700000,-1,0.0670152978,0.0675827576,confirmed_pivot,-9.47184969011662,0.0
1788338160000,1788339120000,1,0.0724132406,0.07127587169999999,opposite_break,-16.698789422082637,0.0
1788339120000,1788339240000,-1,0.07127587169999999,0.0723442337,confirmed_pivot,-15.996606221793895,0.0
1788341880000,1788345780000,-1,0.0710248968,0.0718761869,opposite_break,-12.99179137772431,0.0
1788346140000,1788346800000,1,0.0719051898,0.07204579470000001,confirmed_pivot,0.9544430372953077,0.0
1788346980000,1788349680000,1,0.0730503043,0.0725987394,confirmed_pivot,-7.178470053956952,0.0
1788354060000,1788354540000,-1,0.0685951398,0.0686288622,confirmed_pivot,-1.491860812564526,0.0
1788359400000,1788359580000,-1,0.068713128,0.0687858779,confirmed_pivot,-2.059277565562174,0.0
1788359880000,1788360180000,-1,0.0686481345,0.0687928786,confirmed_pivot,-3.1095470853617533,0.0
1788364620000,1788365100000,-1,0.06795220410000001,0.0679887982,confirmed_pivot,-1.4882085502506208,0.05058776305388451
1788370080000,1788370920000,-1,0.0705689424,0.0708740867,confirmed_pivot,-5.326221447666251,0.0
1788371280000,1788371400000,-1,0.0701299863,0.07034003330000001,confirmed_pivot,-3.996607223064649,0.0
1788371520000,1788372240000,-1,0.06974802449999999,0.070187018,confirmed_pivot,-7.297138878105606,0.0
1788373020000,1788373320000,-1,0.0689931,0.0691489142,confirmed_pivot,-3.2595318531852158,0.0
1788374520000,1788374700000,-1,0.06885111420000001,0.068916891,confirmed_pivot,-1.9558260482004868,0.0
1788385920000,1788386220000,1,0.0729682961,0.0723877605,confirmed_pivot,-8.9520197567009,0.0
1788391380000,1788393480000,-1,0.0685781415,0.06912291159999999,opposite_break,-8.947758179623378,0.0
1788393480000,1788395460000,1,0.06912291159999999,0.06863413589999999,opposite_break,-8.378576233545106,-0.3110019540206985
1788398460000,1788398580000,-1,0.0680111982,0.0682288222,confirmed_pivot,-4.201425908711599,0.0
1788404760000,1788405300000,-1,0.068083191,0.0684058399,confirmed_pivot,-5.741408557803935,0.0
1788406260000,1788407040000,-1,0.0679452048,0.0676847678,confirmed_pivot,2.834961117079483,0.0
1788407400000,1788408780000,-1,0.067453254,0.0682798273,opposite_break,-13.15709179628894,0.10305189744589638
1788409980000,1788410340000,1,0.0696149608,0.06956204310000001,confirmed_pivot,-1.7597683104633464,0.0
1788410580000,1788412140000,1,0.0697349728,0.07029696960000001,confirmed_pivot,7.055008542284909,0.0
1788412260000,1788413160000,1,0.0707900783,0.0711548838,confirmed_pivot,4.150765559331152,0.0
1788415500000,1788415740000,1,0.0712221215,0.0713568636,confirmed_pivot,0.8909115049318144,0.0
1788417120000,1788417900000,-1,0.0704949498,0.07006400569999999,confirmed_pivot,5.1161767371031,0.0
1788418800000,1788418920000,-1,0.0700569936,0.0704150408,confirmed_pivot,-6.113354216216167,0.0
1788420660000,1788421980000,-1,0.06994600470000001,0.07070106940000001,opposite_break,-11.800362874049933,0.0
1788423960000,1788424440000,-1,0.0699380055,0.07031303059999999,confirmed_pivot,-6.364931554274814,0.0
1788430020000,1788430140000,1,0.0713241317,0.07092490679999999,confirmed_pivot,-6.594534108432877,0.0
1788433200000,1788435120000,-1,0.0702359757,0.0699079901,confirmed_pivot,3.672101291816994,0.0
1788440340000,1788440460000,1,0.07046304560000001,0.0700659927,confirmed_pivot,-6.632092257306771,0.0
1788443520000,1788445320000,1,0.0706540647,0.0715478445,confirmed_pivot,11.64375820263309,0.0
1788451020000,1788451200000,-1,0.07275472379999999,0.07401840109999999,confirmed_pivot,-17.985351763097505,0.39233964461837467
1788452580000,1788452820000,-1,0.0731846808,0.07334833410000001,confirmed_pivot,-3.237286886547583,0.0
1788453120000,1788455640000,-1,0.07314268500000001,0.0742504243,opposite_break,-16.152481340410095,0.0
1788455640000,1788455760000,1,0.0742504243,0.07412558670000001,confirmed_pivot,-2.680464217899382,0.0
1788459540000,1788459660000,1,0.07485348459999999,0.0746995293,confirmed_pivot,-3.055726906666872,0.0
1788462840000,1788463980000,-1,0.07349464979999999,0.073467346,confirmed_pivot,-0.6283069315340937,0.0
1788466440000,1788466680000,-1,0.0734406552,0.0734963489,confirmed_pivot,-1.7587288906703267,0.0
1788474480000,1788475860000,-1,0.0725477445,0.0724102403,confirmed_pivot,0.8963091554141882,0.0
1788478920000,1788479280000,1,0.0730493042,0.07307069220000001,confirmed_pivot,-0.707357842293985,0.0
1788485640000,1788485760000,1,0.073277327,0.07307269200000001,confirmed_pivot,-3.7912137474664527,0.0
1788499320000,1788502800000,1,0.0734063399,0.0744495543,confirmed_pivot,13.204396980157732,0.0
1788507300000,1788508380000,-1,0.073632636,0.0733793372,confirmed_pivot,2.44175440629337,0.0
1788508740000,1788509160000,-1,0.073162683,0.0730583051,confirmed_pivot,0.4773657077339247,0.04999748300646656
1788513240000,1788513420000,1,0.0749564949,0.0749195073,confirmed_pivot,-1.4932075098939854,0.0
1788513600000,1788515160000,1,0.0750135006,0.0754664526,confirmed_pivot,5.035253926011187,0.0
1788519720000,1788519900000,1,0.0776827675,0.07766423280000001,confirmed_pivot,-1.2384754463078202,0.0
1788520380000,1788521220000,1,0.0778417834,0.0770542938,opposite_break,-11.11148281579577,0.0
1788522000000,1788522180000,-1,0.0767393253,0.07696369559999999,confirmed_pivot,-3.9252600836979026,0.0
1788522660000,1788522900000,1,0.0777507743,0.0773582634,confirmed_pivot,-6.045797268028028,0.0
1788526980000,1788527400000,1,0.08360835999999999,0.0833636628,confirmed_pivot,-3.9252439756023305,0.0
1788527940000,1788528480000,1,0.0847974789,0.0853124679,confirmed_pivot,5.070127463423838,0.0
1788536100000,1788536280000,1,0.0874307422,0.0871142877,confirmed_pivot,-4.617678001937327,0.0
1788537960000,1788538200000,-1,0.0859993992,0.0860816073,confirmed_pivot,-1.9563927750089989,0.0
1788539160000,1788539940000,1,0.0878747866,0.09541145790000001,confirmed_pivot,84.72314375725614,0.0
1788545340000,1788546300000,1,0.0935663557,0.093760623,confirmed_pivot,1.0752135198314132,0.0
1788547500000,1788547620000,-1,0.090780921,0.0914071398,confirmed_pivot,-7.90158132896663,0.0
1788549420000,1788549660000,-1,0.0884401551,0.0887278719,confirmed_pivot,-4.254863789808122,0.0
1788556140000,1788556200000,-1,0.0872952696,0.08760675979999999,confirmed_pivot,-4.570020993439791,0.0
1788557640000,1788558180000,-1,0.0872542737,0.08840884,opposite_break,-14.238819534750272,0.0
1788563280000,1788563340000,1,0.0947164707,0.09417958109999999,confirmed_pivot,-6.665552688292963,0.0
1788564540000,1788564900000,-1,0.0918448146,0.0921232114,confirmed_pivot,-4.0326807192444045,0.0
1788565860000,1788566160000,-1,0.0889351056,0.08902890200000001,confirmed_pivot,-2.055188472166299,0.0
1788569340000,1788570060000,-1,0.0857934198,0.08721372050000001,confirmed_pivot,-17.56316829032617,0.0
1788570900000,1788571860000,-1,0.0831426849,0.0821832175,confirmed_pivot,10.545779822417028,0.0
1788571980000,1788572640000,-1,0.08062193699999999,0.08035003419999999,confirmed_pivot,2.374252238568781,0.0
1788574980000,1788575520000,-1,0.0797970195,0.0798359828,confirmed_pivot,-1.4885242819125597,0.0
1788575700000,1788576600000,-1,0.079062093,0.0790609053,confirmed_pivot,-0.9849701189923961,0.0
1788579600000,1788579720000,1,0.0810561048,0.08014798440000001,confirmed_pivot,-12.19800096537565,0.0
1788580320000,1788581280000,1,0.0811561148,0.0817648227,confirmed_pivot,6.445708632542931,-0.05099753124209441
1788586800000,1788587160000,-1,0.0787601232,0.0803760368,opposite_break,-21.527158809726068,0.0
1788591000000,1788591600000,1,0.0806550647,0.0789921,confirmed_pivot,-21.607921199150752,0.0
1788596040000,1788596340000,1,0.0860736065,0.0871752816,confirmed_pivot,11.792821251773674,0.0
1788597120000,1788597300000,1,0.0899049896,0.0894180573,confirmed_pivot,-6.413368446126738,0.0
1788597900000,1788598260000,1,0.0902650256,0.0906969294,confirmed_pivot,3.782448630912416,0.0
1788607200000,1788609120000,-1,0.0873542637,0.0859535945,confirmed_pivot,15.042371319306419,0.0
1788609240000,1788609720000,-1,0.08554744439999999,0.08553455260000001,confirmed_pivot,-0.7994662959214723,0.04976069162388679
1788611520000,1788612180000,-1,0.0861933798,0.0855945586,confirmed_pivot,5.950888942865216,0.0
1788613740000,1788616140000,-1,0.0842405751,0.08477147630000001,opposite_break,-7.305354040727613,0.0
1788616980000,1788617340000,-1,0.0828187173,0.084228422,opposite_break,-18.03008206757146,0.0
1788618600000,1788618780000,1,0.0872357227,0.0868673124,confirmed_pivot,-5.221047106084335,0.0
1788624060000,1788624780000,-1,0.0875552436,0.0873517343,confirmed_pivot,1.3255152550338123,0.0
1788624900000,1788625560000,-1,0.08702929620000001,0.08684168329999999,confirmed_pivot,1.1568220662000783,0.0
1788627420000,1788627480000,-1,0.0858374154,0.0860606052,confirmed_pivot,-3.6014459296032744,0.0
1788627720000,1788627840000,-1,0.085431456,0.0858655857,confirmed_pivot,-6.084155007846218,0.0
1788630480000,1788630600000,1,0.0876527644,0.0872992692,confirmed_pivot,-5.030887728624769,0.0
1788630720000,1788630840000,1,0.0875037495,0.0872902701,confirmed_pivot,-3.4384401984969557,0.0
1788635100000,1788635160000,-1,0.0860123979,0.0863596351,confirmed_pivot,-5.039078401277811,0.0
1788636120000,1788636480000,1,0.0875117503,0.0881231868,confirmed_pivot,5.983413994749076,0.0
1788645960000,1788646140000,-1,0.0872302761,0.0872427234,confirmed_pivot,-1.1427660693830572,0.0
1788650220000,1788650880000,1,0.0885508542,0.0877342257,confirmed_pivot,-10.217530345969259,0.0
1788655680000,1788656160000,1,0.08900789989999999,0.0891320859,confirmed_pivot,0.3945268581717457,0.0
1788658200000,1788660900000,-1,0.0880791912,0.0853205312,confirmed_pivot,30.33588413332308,0.0
1788662880000,1788663000000,-1,0.0848725119,0.0850125004,confirmed_pivot,-2.650222093285228,0.0
1788668880000,1788669540000,-1,0.0855144477,0.08468946810000001,confirmed_pivot,8.652077654709377,0.0
1788669900000,1788673260000,-1,0.083741625,0.08245324450000001,confirmed_pivot,14.392878872961822,0.0
1788674580000,1788675180000,-1,0.0820787913,0.08293029219999999,opposite_break,-11.379376169614675,0.0
1788678540000,1788678720000,1,0.0836603652,0.0835336458,confirmed_pivot,-2.513931238492881,0.0
1788679800000,1788681180000,1,0.0834443436,0.08545745340000001,confirmed_pivot,23.113117298222832,0.0
1788684600000,1788686100000,-1,0.0838356156,0.0839673959,opposite_break,-2.572675159672937,0.0
1788688560000,1788689340000,1,0.0846444636,0.08535046410000001,confirmed_pivot,7.336605487686166,0.0
1788691260000,1788691800000,-1,0.0839896002,0.0836173609,confirmed_pivot,3.4341849319815374,0.0
1788693180000,1788693900000,-1,0.083561643,0.0821742166,confirmed_pivot,15.611929389660308,0.0
1788702480000,1788702900000,-1,0.0758684124,0.0746084601,confirmed_pivot,15.615377022835997,0.0
1788705480000,1788707460000,-1,0.0726267366,0.073227322,confirmed_pivot,-9.273615486944404,0.0
1788712920000,1788713040000,1,0.0751635156,0.0749005092,confirmed_pivot,-4.497373622050053,0.0
1788713820000,1788714240000,1,0.07494349360000001,0.0752764716,confirmed_pivot,3.4408326195243935,0.0
1788716220000,1788716580000,1,0.0754265419,0.07541845740000001,confirmed_pivot,-1.1071301632879351,0.0
1788717420000,1788717540000,1,0.0754845477,0.0752664726,confirmed_pivot,-3.887558700308757,0.0
1788718260000,1788721020000,-1,0.0749015091,0.0750054998,opposite_break,-2.3890600683504877,0.0
1788722760000,1788723060000,-1,0.0740715921,0.07410741,confirmed_pivot,-1.4837996313298984,0.0
1788723360000,1788723660000,-1,0.0740675925,0.07411441070000001,confirmed_pivot,-1.6324170601333734,0.0
1788725700000,1788726120000,-1,0.0739786014,0.0739413934,confirmed_pivot,-0.49679227106884843,0.0
1788727740000,1788728400000,1,0.0744294422,0.0745915401,confirmed_pivot,1.1767844318199798,0.0
1788728820000,1788728940000,1,0.07475047430000001,0.07447455180000001,confirmed_pivot,-4.689401857748448,0.0
1788729780000,1788730380000,1,0.0746314624,0.0747595233,confirmed_pivot,0.715052411327322,0.0
1788735120000,1788735900000,-1,0.0741045888,0.07422642189999999,confirmed_pivot,-2.6448916122991313,0.0
1788736500000,1788736680000,1,0.07461446070000001,0.0745375455,confirmed_pivot,-2.0303196147072518,0.0
1788738120000,1788738720000,-1,0.0741665826,0.0741344127,confirmed_pivot,-0.5660311716991038,0.0
1788740280000,1788740400000,1,0.07493549279999999,0.0746535339,confirmed_pivot,-4.760806928996269,0.0
1788740580000,1788740820000,1,0.0750455038,0.07508949029999999,confirmed_pivot,-0.4141620147269155,0.0
1788744360000,1788745140000,-1,0.07381861740000001,0.0745624555,opposite_break,-11.081603330733621,0.0
1788747300000,1788749460000,-1,0.07397460180000001,0.0738793872,confirmed_pivot,0.2877691123984951,0.0
1788749880000,1788751260000,-1,0.07327667160000001,0.0722652258,confirmed_pivot,12.81000939049216,0.0
1788752820000,1788753600000,-1,0.07031196810000001,0.0702250218,confirmed_pivot,0.2871232607413722,0.04992601679144293
1788757440000,1788757800000,-1,0.0639646029,0.0665596553,opposite_break,-41.59041733220868,0.0
1788758820000,1788759660000,-1,0.062183781,0.0620492043,confirmed_pivot,1.1652589499181432,0.0
1788759840000,1788759900000,-1,0.0617448249,0.0628142808,confirmed_pivot,-18.329235764825935,0.0
1788761160000,1788761520000,-1,0.0620267967,0.0620912085,confirmed_pivot,-2.0389704019650603,0.0
1788762180000,1788762840000,-1,0.0614178576,0.0615371531,confirmed_pivot,-2.943329715720956,0.0
1788765600000,1788766980000,-1,0.060786920700000004,0.060372036600000005,confirmed_pivot,5.828632496431073,0.0
1788767280000,1788768840000,-1,0.0602009793,0.060434042800000004,confirmed_pivot,-4.969702624588456,-0.09634317991900176
1788774420000,1788775620000,-1,0.0602959698,0.0595119506,confirmed_pivot,12.009347261547813,0.0
1788775980000,1788776520000,-1,0.059083091100000006,0.0588838878,confirmed_pivot,2.3732646335764573,0.0
1788779940000,1788780780000,1,0.0621252119,0.061530846300000004,confirmed_pivot,-10.562436875969732,0.0
1788784320000,1788784680000,-1,0.0601549839,0.0597509745,confirmed_pivot,5.719499840145451,0.0
1788785160000,1788785400000,-1,0.0595680426,0.0596739668,confirmed_pivot,-2.779094250446229,0.0
1788791520000,1788792240000,-1,0.0597460248,0.0592889283,confirmed_pivot,6.654484959976732,0.0
1788793020000,1788794220000,-1,0.0591470847,0.0578777872,confirmed_pivot,20.47074796993326,0.0
1788795480000,1788796080000,-1,0.0567273267,0.056135613,confirmed_pivot,9.436055976704367,0.0
1788797760000,1788798120000,-1,0.0561723822,0.056465646,confirmed_pivot,-6.2233930698420465,0.0
1788799080000,1788799560000,1,0.057764775899999996,0.058095189900000004,confirmed_pivot,4.717131034520435,0.0
1788799860000,1788800040000,1,0.059574956899999996,0.059487050699999995,confirmed_pivot,-2.4748184719207305,0.0
1788800160000,1788803460000,1,0.0597249719,0.059275071900000004,confirmed_pivot,-8.529096049687654,0.0
1788806220000,1788806340000,-1,0.057306268800000004,0.0573797374,confirmed_pivot,-2.282675278624915,0.0
1788810480000,1788811320000,-1,0.05667633180000001,0.0568126807,confirmed_pivot,-3.3569701885680714,0.04997941662837114
1788811620000,1788813900000,-1,0.0564263568,0.0564716466,confirmed_pivot,-1.8030368691107967,0.0
1788815520000,1788815760000,-1,0.0560413953,0.0559845979,confirmed_pivot,0.013996857069612068,0.0
1788816480000,1788817020000,-1,0.0557494245,0.0555195514,confirmed_pivot,3.1253885329345388,0.0
1788817500000,1788817620000,-1,0.0554354559,0.0555145509,confirmed_pivot,-2.4275078325819495,0.0
1788817740000,1788818160000,-1,0.0553314663,0.0553915386,confirmed_pivot,-2.086223448772012,0.0
1788818640000,1788819120000,-1,0.0550984896,0.0545474542,confirmed_pivot,9.005917071454597,0.0
1788822480000,1788823680000,1,0.0557335728,0.0543935601,opposite_break,-25.031165173211306,0.0
1788831060000,1788831660000,1,0.0577047699,0.061970802299999996,confirmed_pivot,72.891627870437,0.0
1788840420000,1788841140000,-1,0.057724226999999996,0.0574847479,confirmed_pivot,3.150750075007418,0.0
1788841560000,1788841680000,-1,0.0568113183,0.057248724300000005,confirmed_pivot,-8.703125294313196,0.0
1788842220000,1788843180000,-1,0.056682331200000005,0.0559545949,confirmed_pivot,11.845275639439537,0.0
1788845820000,1788846480000,1,0.0582568251,0.059021097300000006,confirmed_pivot,12.112456138637153,0.0
1788851160000,1788851460000,1,0.0580518046,0.0580451949,confirmed_pivot,-1.1138017189219318,0.0
1788857040000,1788857160000,-1,0.0563413653,0.0564076402,confirmed_pivot,-2.176897952275861,0.0
1788860040000,1788860400000,1,0.0578487843,0.0574592535,confirmed_pivot,-7.730237105432065,0.0
1788863160000,1788863400000,-1,0.056328366600000006,0.0563946389,confirmed_pivot,-2.177123359902224,0.0
1788863640000,1788864120000,-1,0.0561963798,0.0562016196,confirmed_pivot,-1.0932875021248416,0.0
1788864480000,1788864720000,-1,0.0556864308,0.05550555,confirmed_pivot,2.249826534043158,0.0
1788864840000,1788864960000,-1,0.0550674927,0.0554215416,confirmed_pivot,-7.432577680261822,0.0
1788866340000,1788866580000,1,0.0575367531,0.057294269999999994,confirmed_pivot,-5.212296408675918,0.0
1788867720000,1788869340000,1,0.0587048699,0.059271072300000005,confirmed_pivot,8.702164495879535,0.062090345915237266
1788871620000,1788871740000,1,0.0598709865,0.0591530841,confirmed_pivot,-12.9848275558312,0.0
1788876660000,1788876780000,-1,0.058759123499999996,0.0588748869,confirmed_pivot,-2.9711199691398265,0.0
1788879480000,1788879540000,-1,0.058881111300000004,0.059095908999999995,confirmed_pivot,-4.6498139064503565,0.0
1788879660000,1788879960000,-1,0.058584141000000006,0.058522851699999996,confirmed_pivot,0.046698707249288374,0.0
1788881100000,1788881460000,1,0.0593209315,0.0596810313,confirmed_pivot,5.067331395495693,0.0
1788882540000,1788883020000,1,0.060705069900000005,0.0595850409,opposite_break,-19.441111876555276,0.0
1788884640000,1788885120000,1,0.06160616,0.061983801000000005,confirmed_pivot,5.1268577606525865,0.0
1788885420000,1788886020000,1,0.0623772371,0.061153884,opposite_break,-20.60236586769254,0.0
1788887520000,1788887640000,1,0.0622692263,0.0619758018,confirmed_pivot,-5.709835101162967,0.0
1788888120000,1788889260000,1,0.0624792473,0.0623547639,confirmed_pivot,-2.991399763549969,0.0
1788890940000,1788891060000,1,0.0627322726,0.0625047489,confirmed_pivot,-4.6250868767345725,0.0
1788894240000,1788895440000,1,0.0624052399,0.0614518542,opposite_break,-16.269695440270176,0.0
1788895440000,1788895680000,-1,0.0614518542,0.0612911285,confirmed_pivot,1.6167812988465178,0.0
1788897780000,1788898440000,-1,0.0610588935,0.0608590853,confirmed_pivot,2.2740210744239144,0.0
1788899520000,1788901380000,-1,0.0599610033,0.0599629957,confirmed_pivot,-1.0332448773417653,0.0
1788902700000,1788903599999,-1,0.0597790215,0.0601100104,sample_end,-6.539642271494783,0.0
