arm_atr,trailing_distance_atr,side,sample_count,armed_count,floor_hit_count,unarmed_count,resolved_count,unknown_count,mfe_atr_sum,exit_gain_atr_sum,giveback_atr_sum,valid_exits,exits
0.5,0.25,LONG,13,7,7,6,13,0,9.785540748460262,4.2626807779974145,5.522859970462848,13,"[-0.26118401866433055, 0.7005485604889266, -0.6023727704140042, 0.4903816483962662, 2.3438061465721076, 0.4334598573729039, 0.1619343530911383, -0.09258818866428875, -0.7060620374744103, -0.6383809970307849, 0.8150433412135487, 1.053587583840272, 0.5645072992700707]"
0.5,0.25,SHORT,14,6,6,8,14,0,7.651391724182627,1.1795341381736826,6.471857586008945,14,"[0.2965201465201434, 0.1369243482833773, 0.49034606296212163, 0.5976348679006521, 0.4260339763435742, -0.7078472222222228, -0.6880124545926322, 1.7388569604086876, -0.11080246913580101, 0.25963213939979823, -0.12727864583332282, -0.6876336128926148, -0.4777494002012238, 0.032909441233145764]"
0.5,0.35,LONG,13,7,7,6,13,0,9.98042503591459,3.7575650654517374,6.222859970462853,13,"[-0.26118401866433055, 0.6005485604889265, -0.6023727704140042, 0.5852659358505916, 2.2438061465721084, 0.3334598573728952, 0.1619343530911383, -0.09258818866428875, -0.7060620374744103, -0.6383809970307849, 0.7150433412135493, 0.9535875838402733, 0.4645072992700737]"
0.5,0.35,SHORT,14,6,5,8,14,0,7.893405276941588,0.9229191010649249,6.970486175876664,14,"[0.19652014652013944, 0.1369243482833773, 0.39034606296211916, 0.4976348679006504, 0.3260339763435718, -0.7078472222222228, -0.6880124545926322, 1.6388569604086833, -0.11080246913580101, 0.5030171022910551, -0.12727864583332282, -0.6876336128926148, -0.4777494002012238, 0.032909441233145764]"
0.5,0.5,LONG,13,7,7,6,13,0,9.98042503591459,2.7075650654517514,7.2728599704628385,13,"[-0.26118401866433055, 0.45054856048892117, -0.6023727704140042, 0.43526593585059425, 2.0938061465721147, 0.18345985737289808, 0.1619343530911383, -0.09258818866428875, -0.7060620374744103, -0.6383809970307849, 0.5650433412135557, 0.8035875838402698, 0.3145072992700782]"
0.5,0.5,SHORT,14,6,4,8,14,0,8.703121876131865,0.9825983226668085,7.720523553465059,14,"[0.04648276893174481, 0.1369243482833773, 0.24034606296211541, 0.3476348679006534, 0.9857505755338462, -0.7078472222222228, -0.6880124545926322, 1.4888569604086879, -0.11080246913580101, 0.5030171022910551, -0.12727864583332282, -0.6876336128926148, -0.4777494002012238, 0.032909441233145764]"
0.5,0.75,LONG,13,7,6,6,13,0,10.69500075658045,1.8307156947656,8.864285061814849,13,"[-0.26118401866433055, 0.2005485604889261, -0.6023727704140042, 1.058416565164436, 1.8438061465721105, -0.06654014262709705, 0.1619343530911383, -0.09258818866428875, -0.7060620374744103, -0.6383809970307849, 0.3150433412135517, 0.5535875838402785, 0.06450729927007505]"
0.5,0.75,SHORT,14,6,3,8,14,0,8.81041254419525,0.23207377161929865,8.578338772575952,14,"[0.04648276893174481, 0.1369243482833773, 0.08181644942449888, 0.25563993039075494, 0.7357505755338511, -0.7078472222222228, -0.6880124545926322, 1.2388569604086883, -0.11080246913580101, 0.5030171022910551, -0.12727864583332282, -0.6876336128926148, -0.4777494002012238, 0.032909441233145764]"
0.5,1.0,LONG,13,7,5,6,13,0,10.69500075658045,0.7157521911159339,9.979248565464516,13,"[-0.26118401866433055, -0.04945143951107921, -0.6023727704140042, 1.058416565164436, 1.5938061465721067, -0.31654014262710284, 0.1619343530911383, -0.09258818866428875, -0.7060620374744103, -0.6383809970307849, 0.06504334121354773, 0.3035875838402764, 0.19954379562042945]"
0.5,1.0,SHORT,14,6,2,8,14,0,8.81041254419525,-0.4295083511083402,9.239920895303593,14,"[0.04648276893174481, 0.1369243482833773, -0.16818355057550732, 0.25563993039075494, 0.5741684528062181, -0.7078472222222228, -0.6880124545926322, 0.9888569604086885, -0.11080246913580101, 0.5030171022910551, -0.12727864583332282, -0.6876336128926148, -0.4777494002012238, 0.032909441233145764]"
0.5,1.25,LONG,13,7,3,6,13,0,11.769849112957022,1.1326226347374804,10.63722647821954,13,"[-0.26118401866433055, 0.3695162359178289, -0.6023727704140042, 1.058416565164436, 1.3438061465721136, 0.4313626255655243, 0.1619343530911383, -0.09258818866428875, -0.7060620374744103, -0.6383809970307849, -0.18495665878644532, 0.05358758384027422, 0.19954379562042945]"
0.5,1.25,SHORT,14,6,2,8,14,0,8.81041254419525,-0.9295083511083356,9.739920895303587,14,"[0.04648276893174481, 0.1369243482833773, -0.41818355057550294, 0.25563993039075494, 0.5741684528062181, -0.7078472222222228, -0.6880124545926322, 0.7388569604086889, -0.11080246913580101, 0.5030171022910551, -0.12727864583332282, -0.6876336128926148, -0.4777494002012238, 0.032909441233145764]"
0.75,0.25,LONG,13,7,6,6,13,0,10.716564902489242,4.455467833644363,6.261097068844878,13,"[-0.26118401866433055, 0.7005485604889266, -0.6023727704140042, 0.6852659358505935, 2.3438061465721076, 0.4313626255655243, 0.1619343530911383, -0.09258818866428875, -0.7060620374744103, -0.6383809970307849, 0.8150433412135487, 1.053587583840272, 0.5645072992700707]"
0.75,0.25,SHORT,14,5,5,9,14,0,8.794592262594243,2.072697298996902,6.721894963597344,14,"[0.04648276893174481, 0.1369243482833773, 0.5818164494245007, 0.5976348679006521, 1.2357505755338523, -0.7078472222222228, -0.6880124545926322, 1.7388569604086876, -0.11080246913580101, 0.5016456921587596, -0.12727864583332282, -0.6876336128926148, -0.4777494002012238, 0.032909441233145764]"
0.75,0.35,LONG,13,7,6,6,13,0,10.716564902489242,3.8554678336443664,6.861097068844874,13,"[-0.26118401866433055, 0.6005485604889265, -0.6023727704140042, 0.5852659358505916, 2.2438061465721084, 0.4313626255655243, 0.1619343530911383, -0.09258818866428875, -0.7060620374744103, -0.6383809970307849, 0.7150433412135493, 0.9535875838402733, 0.4645072992700737]"
0.75,0.35,SHORT,14,5,4,9,14,0,8.794592262594243,1.6740687091291866,7.120523553465058,14,"[0.04648276893174481, 0.1369243482833773, 0.4818164494244982, 0.4976348679006504, 1.1357505755338497, -0.7078472222222228, -0.6880124545926322, 1.6388569604086833, -0.11080246913580101, 0.5030171022910551, -0.12727864583332282, -0.6876336128926148, -0.4777494002012238, 0.032909441233145764]"
0.75,0.5,LONG,13,7,6,6,13,0,10.716564902489242,2.9554678336443776,7.761097068844863,13,"[-0.26118401866433055, 0.45054856048892117, -0.6023727704140042, 0.43526593585059425, 2.0938061465721147, 0.4313626255655243, 0.1619343530911383, -0.09258818866428875, -0.7060620374744103, -0.6383809970307849, 0.5650433412135557, 0.8035875838402698, 0.3145072992700782]"
0.75,0.5,SHORT,14,5,4,9,14,0,8.794592262594243,1.074068709129187,7.720523553465059,14,"[0.04648276893174481, 0.1369243482833773, 0.3318164494244945, 0.3476348679006534, 0.9857505755338462, -0.7078472222222228, -0.6880124545926322, 1.4888569604086879, -0.11080246913580101, 0.5030171022910551, -0.12727864583332282, -0.6876336128926148, -0.4777494002012238, 0.032909441233145764]"
0.75,0.75,LONG,13,7,5,6,13,0,11.4311406231551,2.328618462958222,9.102522160196878,13,"[-0.26118401866433055, 0.2005485604889261, -0.6023727704140042, 1.058416565164436, 1.8438061465721105, 0.4313626255655243, 0.1619343530911383, -0.09258818866428875, -0.7060620374744103, -0.6383809970307849, 0.3150433412135517, 0.5535875838402785, 0.06450729927007505]"
0.75,0.75,SHORT,14,5,3,9,14,0,8.81041254419525,0.23207377161929865,8.578338772575952,14,"[0.04648276893174481, 0.1369243482833773, 0.08181644942449888, 0.25563993039075494, 0.7357505755338511, -0.7078472222222228, -0.6880124545926322, 1.2388569604086883, -0.11080246913580101, 0.5030171022910551, -0.12727864583332282, -0.6876336128926148, -0.4777494002012238, 0.032909441233145764]"
0.75,1.0,LONG,13,7,4,6,13,0,11.4311406231551,1.4636549593085606,9.96748566384654,13,"[-0.26118401866433055, -0.04945143951107921, -0.6023727704140042, 1.058416565164436, 1.5938061465721067, 0.4313626255655243, 0.1619343530911383, -0.09258818866428875, -0.7060620374744103, -0.6383809970307849, 0.06504334121354773, 0.3035875838402764, 0.19954379562042945]"
0.75,1.0,SHORT,14,5,2,9,14,0,8.81041254419525,-0.4295083511083402,9.239920895303593,14,"[0.04648276893174481, 0.1369243482833773, -0.16818355057550732, 0.25563993039075494, 0.5741684528062181, -0.7078472222222228, -0.6880124545926322, 0.9888569604086885, -0.11080246913580101, 0.5030171022910551, -0.12727864583332282, -0.6876336128926148, -0.4777494002012238, 0.032909441233145764]"
0.75,1.25,LONG,13,7,3,6,13,0,11.769849112957022,1.1326226347374804,10.63722647821954,13,"[-0.26118401866433055, 0.3695162359178289, -0.6023727704140042, 1.058416565164436, 1.3438061465721136, 0.4313626255655243, 0.1619343530911383, -0.09258818866428875, -0.7060620374744103, -0.6383809970307849, -0.18495665878644532, 0.05358758384027422, 0.19954379562042945]"
0.75,1.25,SHORT,14,5,2,9,14,0,8.81041254419525,-0.9295083511083356,9.739920895303587,14,"[0.04648276893174481, 0.1369243482833773, -0.41818355057550294, 0.25563993039075494, 0.5741684528062181, -0.7078472222222228, -0.6880124545926322, 0.7388569604086889, -0.11080246913580101, 0.5030171022910551, -0.12727864583332282, -0.6876336128926148, -0.4777494002012238, 0.032909441233145764]"
1.0,0.25,LONG,13,6,5,7,13,0,11.168955893306185,4.542895320811666,6.626060572494518,13,"[-0.26118401866433055, 1.039257050290847, -0.6023727704140042, 0.7989484368656169, 2.3438061465721076, 0.4313626255655243, 0.1619343530911383, -0.09258818866428875, -0.7060620374744103, -0.6383809970307849, 0.8150433412135487, 1.053587583840272, 0.19954379562042945]"
1.0,0.25,SHORT,14,2,2,12,14,0,8.81041254419525,1.3656243471204785,7.444788197074773,14,"[0.04648276893174481, 0.1369243482833773, 0.21536702492567864, 0.25563993039075494, 1.2357505755338523, -0.7078472222222228, -0.6880124545926322, 1.7388569604086876, -0.11080246913580101, 0.5030171022910551, -0.12727864583332282, -0.6876336128926148, -0.4777494002012238, 0.032909441233145764]"
1.0,0.35,LONG,13,6,5,7,13,0,11.168955893306185,4.042895320811667,7.126060572494517,13,"[-0.26118401866433055, 0.9392570502908469, -0.6023727704140042, 0.6989484368656149, 2.2438061465721084, 0.4313626255655243, 0.1619343530911383, -0.09258818866428875, -0.7060620374744103, -0.6383809970307849, 0.7150433412135493, 0.9535875838402733, 0.19954379562042945]"
1.0,0.35,SHORT,14,2,2,12,14,0,8.81041254419525,1.1656243471204721,7.64478819707478,14,"[0.04648276893174481, 0.1369243482833773, 0.21536702492567864, 0.25563993039075494, 1.1357505755338497, -0.7078472222222228, -0.6880124545926322, 1.6388569604086833, -0.11080246913580101, 0.5030171022910551, -0.12727864583332282, -0.6876336128926148, -0.4777494002012238, 0.032909441233145764]"
1.0,0.5,LONG,13,6,5,7,13,0,11.168955893306185,3.292895320811673,7.876060572494511,13,"[-0.26118401866433055, 0.7892570502908417, -0.6023727704140042, 0.5489484368656176, 2.0938061465721147, 0.4313626255655243, 0.1619343530911383, -0.09258818866428875, -0.7060620374744103, -0.6383809970307849, 0.5650433412135557, 0.8035875838402698, 0.19954379562042945]"
1.0,0.5,SHORT,14,2,2,12,14,0,8.81041254419525,0.865624347120473,7.944788197074779,14,"[0.04648276893174481, 0.1369243482833773, 0.21536702492567864, 0.25563993039075494, 0.9857505755338462, -0.7078472222222228, -0.6880124545926322, 1.4888569604086879, -0.11080246913580101, 0.5030171022910551, -0.12727864583332282, -0.6876336128926148, -0.4777494002012238, 0.032909441233145764]"
1.0,0.75,LONG,13,6,4,7,13,0,11.769849112957022,2.8023634491104965,8.967485663846524,13,"[-0.26118401866433055, 0.5392570502908466, -0.6023727704140042, 1.058416565164436, 1.8438061465721105, 0.4313626255655243, 0.1619343530911383, -0.09258818866428875, -0.7060620374744103, -0.6383809970307849, 0.3150433412135517, 0.5535875838402785, 0.19954379562042945]"
1.0,0.75,SHORT,14,2,2,12,14,0,8.81041254419525,0.36562434712047875,8.444788197074773,14,"[0.04648276893174481, 0.1369243482833773, 0.21536702492567864, 0.25563993039075494, 0.7357505755338511, -0.7078472222222228, -0.6880124545926322, 1.2388569604086883, -0.11080246913580101, 0.5030171022910551, -0.12727864583332282, -0.6876336128926148, -0.4777494002012238, 0.032909441233145764]"
1.0,1.0,LONG,13,6,3,7,13,0,11.769849112957022,1.8826226347374688,9.887226478219553,13,"[-0.26118401866433055, 0.3695162359178289, -0.6023727704140042, 1.058416565164436, 1.5938061465721067, 0.4313626255655243, 0.1619343530911383, -0.09258818866428875, -0.7060620374744103, -0.6383809970307849, 0.06504334121354773, 0.3035875838402764, 0.19954379562042945]"
1.0,1.0,SHORT,14,2,1,12,14,0,8.81041254419525,-0.045957775607154305,8.856370319802407,14,"[0.04648276893174481, 0.1369243482833773, 0.21536702492567864, 0.25563993039075494, 0.5741684528062181, -0.7078472222222228, -0.6880124545926322, 0.9888569604086885, -0.11080246913580101, 0.5030171022910551, -0.12727864583332282, -0.6876336128926148, -0.4777494002012238, 0.032909441233145764]"
1.0,1.25,LONG,13,6,3,7,13,0,11.769849112957022,1.1326226347374804,10.63722647821954,13,"[-0.26118401866433055, 0.3695162359178289, -0.6023727704140042, 1.058416565164436, 1.3438061465721136, 0.4313626255655243, 0.1619343530911383, -0.09258818866428875, -0.7060620374744103, -0.6383809970307849, -0.18495665878644532, 0.05358758384027422, 0.19954379562042945]"
1.0,1.25,SHORT,14,2,1,12,14,0,8.81041254419525,-0.29595777560715386,9.106370319802407,14,"[0.04648276893174481, 0.1369243482833773, 0.21536702492567864, 0.25563993039075494, 0.5741684528062181, -0.7078472222222228, -0.6880124545926322, 0.7388569604086889, -0.11080246913580101, 0.5030171022910551, -0.12727864583332282, -0.6876336128926148, -0.4777494002012238, 0.032909441233145764]"
1.25,0.25,LONG,13,5,4,8,13,0,11.558724468214828,4.671600065933087,6.88712440228174,13,"[-0.26118401866433055, 1.039257050290847, -0.6023727704140042, 1.1887170117742603, 2.3438061465721076, 0.4313626255655243, 0.1619343530911383, -0.09258818866428875, -0.7060620374744103, -0.6383809970307849, 0.5539795114263272, 1.053587583840272, 0.19954379562042945]"
1.25,0.25,SHORT,14,2,2,12,14,0,8.81041254419525,1.3656243471204785,7.444788197074773,14,"[0.04648276893174481, 0.1369243482833773, 0.21536702492567864, 0.25563993039075494, 1.2357505755338523, -0.7078472222222228, -0.6880124545926322, 1.7388569604086876, -0.11080246913580101, 0.5030171022910551, -0.12727864583332282, -0.6876336128926148, -0.4777494002012238, 0.032909441233145764]"
1.25,0.35,LONG,13,5,4,8,13,0,11.769849112957022,4.4827247106752806,7.28712440228174,13,"[-0.26118401866433055, 0.9392570502908469, -0.6023727704140042, 1.299841656516451, 2.2438061465721084, 0.4313626255655243, 0.1619343530911383, -0.09258818866428875, -0.7060620374744103, -0.6383809970307849, 0.5539795114263272, 0.9535875838402733, 0.19954379562042945]"
1.25,0.35,SHORT,14,2,2,12,14,0,8.81041254419525,1.1656243471204721,7.64478819707478,14,"[0.04648276893174481, 0.1369243482833773, 0.21536702492567864, 0.25563993039075494, 1.1357505755338497, -0.7078472222222228, -0.6880124545926322, 1.6388569604086833, -0.11080246913580101, 0.5030171022910551, -0.12727864583332282, -0.6876336128926148, -0.4777494002012238, 0.032909441233145764]"
1.25,0.5,LONG,13,5,4,8,13,0,11.769849112957022,3.88272471067528,7.8871244022817395,13,"[-0.26118401866433055, 0.7892570502908417, -0.6023727704140042, 1.1498416565164535, 2.0938061465721147, 0.4313626255655243, 0.1619343530911383, -0.09258818866428875, -0.7060620374744103, -0.6383809970307849, 0.5539795114263272, 0.8035875838402698, 0.19954379562042945]"
1.25,0.5,SHORT,14,2,2,12,14,0,8.81041254419525,0.865624347120473,7.944788197074779,14,"[0.04648276893174481, 0.1369243482833773, 0.21536702492567864, 0.25563993039075494, 0.9857505755338462, -0.7078472222222228, -0.6880124545926322, 1.4888569604086879, -0.11080246913580101, 0.5030171022910551, -0.12727864583332282, -0.6876336128926148, -0.4777494002012238, 0.032909441233145764]"
1.25,0.75,LONG,13,5,3,8,13,0,11.769849112957022,3.0412996193232718,8.72854949363375,13,"[-0.26118401866433055, 0.5392570502908466, -0.6023727704140042, 1.058416565164436, 1.8438061465721105, 0.4313626255655243, 0.1619343530911383, -0.09258818866428875, -0.7060620374744103, -0.6383809970307849, 0.5539795114263272, 0.5535875838402785, 0.19954379562042945]"
1.25,0.75,SHORT,14,2,2,12,14,0,8.81041254419525,0.36562434712047875,8.444788197074773,14,"[0.04648276893174481, 0.1369243482833773, 0.21536702492567864, 0.25563993039075494, 0.7357505755338511, -0.7078472222222228, -0.6880124545926322, 1.2388569604086883, -0.11080246913580101, 0.5030171022910551, -0.12727864583332282, -0.6876336128926148, -0.4777494002012238, 0.032909441233145764]"
1.25,1.0,LONG,13,5,2,8,13,0,11.769849112957022,2.371558804950248,9.398290308006773,13,"[-0.26118401866433055, 0.3695162359178289, -0.6023727704140042, 1.058416565164436, 1.5938061465721067, 0.4313626255655243, 0.1619343530911383, -0.09258818866428875, -0.7060620374744103, -0.6383809970307849, 0.5539795114263272, 0.3035875838402764, 0.19954379562042945]"
1.25,1.0,SHORT,14,2,1,12,14,0,8.81041254419525,-0.045957775607154305,8.856370319802407,14,"[0.04648276893174481, 0.1369243482833773, 0.21536702492567864, 0.25563993039075494, 0.5741684528062181, -0.7078472222222228, -0.6880124545926322, 0.9888569604086885, -0.11080246913580101, 0.5030171022910551, -0.12727864583332282, -0.6876336128926148, -0.4777494002012238, 0.032909441233145764]"
1.25,1.25,LONG,13,5,2,8,13,0,11.769849112957022,1.8715588049502525,9.898290308006768,13,"[-0.26118401866433055, 0.3695162359178289, -0.6023727704140042, 1.058416565164436, 1.3438061465721136, 0.4313626255655243, 0.1619343530911383, -0.09258818866428875, -0.7060620374744103, -0.6383809970307849, 0.5539795114263272, 0.05358758384027422, 0.19954379562042945]"
1.25,1.25,SHORT,14,2,1,12,14,0,8.81041254419525,-0.29595777560715386,9.106370319802407,14,"[0.04648276893174481, 0.1369243482833773, 0.21536702492567864, 0.25563993039075494, 0.5741684528062181, -0.7078472222222228, -0.6880124545926322, 0.7388569604086889, -0.11080246913580101, 0.5030171022910551, -0.12727864583332282, -0.6876336128926148, -0.4777494002012238, 0.032909441233145764]"
1.5,0.25,LONG,13,2,2,11,13,0,11.769849112957022,3.7075479268747147,8.062301186082307,13,"[-0.26118401866433055, 0.3695162359178289, -0.6023727704140042, 1.3998416565164529, 2.3438061465721076, 0.4313626255655243, 0.1619343530911383, -0.09258818866428875, -0.7060620374744103, -0.6383809970307849, 0.5539795114263272, 0.5481516144127252, 0.19954379562042945]"
1.5,0.25,SHORT,14,1,1,13,14,0,8.81041254419525,0.7040422243928448,8.106370319802409,14,"[0.04648276893174481, 0.1369243482833773, 0.21536702492567864, 0.25563993039075494, 0.5741684528062181, -0.7078472222222228, -0.6880124545926322, 1.7388569604086876, -0.11080246913580101, 0.5030171022910551, -0.12727864583332282, -0.6876336128926148, -0.4777494002012238, 0.032909441233145764]"
1.5,0.35,LONG,13,2,2,11,13,0,11.769849112957022,3.5075479268747136,8.262301186082308,13,"[-0.26118401866433055, 0.3695162359178289, -0.6023727704140042, 1.299841656516451, 2.2438061465721084, 0.4313626255655243, 0.1619343530911383, -0.09258818866428875, -0.7060620374744103, -0.6383809970307849, 0.5539795114263272, 0.5481516144127252, 0.19954379562042945]"
1.5,0.35,SHORT,14,1,1,13,14,0,8.81041254419525,0.6040422243928407,8.206370319802412,14,"[0.04648276893174481, 0.1369243482833773, 0.21536702492567864, 0.25563993039075494, 0.5741684528062181, -0.7078472222222228, -0.6880124545926322, 1.6388569604086833, -0.11080246913580101, 0.5030171022910551, -0.12727864583332282, -0.6876336128926148, -0.4777494002012238, 0.032909441233145764]"
1.5,0.5,LONG,13,2,2,11,13,0,11.769849112957022,3.2075479268747227,8.5623011860823,13,"[-0.26118401866433055, 0.3695162359178289, -0.6023727704140042, 1.1498416565164535, 2.0938061465721147, 0.4313626255655243, 0.1619343530911383, -0.09258818866428875, -0.7060620374744103, -0.6383809970307849, 0.5539795114263272, 0.5481516144127252, 0.19954379562042945]"
1.5,0.5,SHORT,14,1,1,13,14,0,8.81041254419525,0.45404222439284525,8.356370319802407,14,"[0.04648276893174481, 0.1369243482833773, 0.21536702492567864, 0.25563993039075494, 0.5741684528062181, -0.7078472222222228, -0.6880124545926322, 1.4888569604086879, -0.11080246913580101, 0.5030171022910551, -0.12727864583332282, -0.6876336128926148, -0.4777494002012238, 0.032909441233145764]"
1.5,0.75,LONG,13,2,1,11,13,0,11.769849112957022,2.8661228355227006,8.90372627743432,13,"[-0.26118401866433055, 0.3695162359178289, -0.6023727704140042, 1.058416565164436, 1.8438061465721105, 0.4313626255655243, 0.1619343530911383, -0.09258818866428875, -0.7060620374744103, -0.6383809970307849, 0.5539795114263272, 0.5481516144127252, 0.19954379562042945]"
1.5,0.75,SHORT,14,1,1,13,14,0,8.81041254419525,0.20404222439284547,8.606370319802407,14,"[0.04648276893174481, 0.1369243482833773, 0.21536702492567864, 0.25563993039075494, 0.5741684528062181, -0.7078472222222228, -0.6880124545926322, 1.2388569604086883, -0.11080246913580101, 0.5030171022910551, -0.12727864583332282, -0.6876336128926148, -0.4777494002012238, 0.032909441233145764]"
1.5,1.0,LONG,13,2,1,11,13,0,11.769849112957022,2.616122835522697,9.153726277434323,13,"[-0.26118401866433055, 0.3695162359178289, -0.6023727704140042, 1.058416565164436, 1.5938061465721067, 0.4313626255655243, 0.1619343530911383, -0.09258818866428875, -0.7060620374744103, -0.6383809970307849, 0.5539795114263272, 0.5481516144127252, 0.19954379562042945]"
1.5,1.0,SHORT,14,1,1,13,14,0,8.81041254419525,-0.045957775607154305,8.856370319802407,14,"[0.04648276893174481, 0.1369243482833773, 0.21536702492567864, 0.25563993039075494, 0.5741684528062181, -0.7078472222222228, -0.6880124545926322, 0.9888569604086885, -0.11080246913580101, 0.5030171022910551, -0.12727864583332282, -0.6876336128926148, -0.4777494002012238, 0.032909441233145764]"
1.5,1.25,LONG,13,2,1,11,13,0,11.769849112957022,2.3661228355227033,9.403726277434316,13,"[-0.26118401866433055, 0.3695162359178289, -0.6023727704140042, 1.058416565164436, 1.3438061465721136, 0.4313626255655243, 0.1619343530911383, -0.09258818866428875, -0.7060620374744103, -0.6383809970307849, 0.5539795114263272, 0.5481516144127252, 0.19954379562042945]"
1.5,1.25,SHORT,14,1,1,13,14,0,8.81041254419525,-0.29595777560715386,9.106370319802407,14,"[0.04648276893174481, 0.1369243482833773, 0.21536702492567864, 0.25563993039075494, 0.5741684528062181, -0.7078472222222228, -0.6880124545926322, 0.7388569604086889, -0.11080246913580101, 0.5030171022910551, -0.12727864583332282, -0.6876336128926148, -0.4777494002012238, 0.032909441233145764]"
2.0,0.25,LONG,13,1,1,12,13,0,11.769849112957022,3.366122835522698,8.403726277434323,13,"[-0.26118401866433055, 0.3695162359178289, -0.6023727704140042, 1.058416565164436, 2.3438061465721076, 0.4313626255655243, 0.1619343530911383, -0.09258818866428875, -0.7060620374744103, -0.6383809970307849, 0.5539795114263272, 0.5481516144127252, 0.19954379562042945]"
2.0,0.25,SHORT,14,0,0,14,14,0,8.81041254419525,-0.6809354256710148,9.491347969866267,14,"[0.04648276893174481, 0.1369243482833773, 0.21536702492567864, 0.25563993039075494, 0.5741684528062181, -0.7078472222222228, -0.6880124545926322, 0.35387931034482795, -0.11080246913580101, 0.5030171022910551, -0.12727864583332282, -0.6876336128926148, -0.4777494002012238, 0.032909441233145764]"
2.0,0.35,LONG,13,1,1,12,13,0,11.769849112957022,3.2661228355226983,8.503726277434323,13,"[-0.26118401866433055, 0.3695162359178289, -0.6023727704140042, 1.058416565164436, 2.2438061465721084, 0.4313626255655243, 0.1619343530911383, -0.09258818866428875, -0.7060620374744103, -0.6383809970307849, 0.5539795114263272, 0.5481516144127252, 0.19954379562042945]"
2.0,0.35,SHORT,14,0,0,14,14,0,8.81041254419525,-0.6809354256710148,9.491347969866267,14,"[0.04648276893174481, 0.1369243482833773, 0.21536702492567864, 0.25563993039075494, 0.5741684528062181, -0.7078472222222228, -0.6880124545926322, 0.35387931034482795, -0.11080246913580101, 0.5030171022910551, -0.12727864583332282, -0.6876336128926148, -0.4777494002012238, 0.032909441233145764]"
2.0,0.5,LONG,13,1,1,12,13,0,11.769849112957022,3.116122835522705,8.653726277434314,13,"[-0.26118401866433055, 0.3695162359178289, -0.6023727704140042, 1.058416565164436, 2.0938061465721147, 0.4313626255655243, 0.1619343530911383, -0.09258818866428875, -0.7060620374744103, -0.6383809970307849, 0.5539795114263272, 0.5481516144127252, 0.19954379562042945]"
2.0,0.5,SHORT,14,0,0,14,14,0,8.81041254419525,-0.6809354256710148,9.491347969866267,14,"[0.04648276893174481, 0.1369243482833773, 0.21536702492567864, 0.25563993039075494, 0.5741684528062181, -0.7078472222222228, -0.6880124545926322, 0.35387931034482795, -0.11080246913580101, 0.5030171022910551, -0.12727864583332282, -0.6876336128926148, -0.4777494002012238, 0.032909441233145764]"
2.0,0.75,LONG,13,1,1,12,13,0,11.769849112957022,2.8661228355227006,8.90372627743432,13,"[-0.26118401866433055, 0.3695162359178289, -0.6023727704140042, 1.058416565164436, 1.8438061465721105, 0.4313626255655243, 0.1619343530911383, -0.09258818866428875, -0.7060620374744103, -0.6383809970307849, 0.5539795114263272, 0.5481516144127252, 0.19954379562042945]"
2.0,0.75,SHORT,14,0,0,14,14,0,8.81041254419525,-0.6809354256710148,9.491347969866267,14,"[0.04648276893174481, 0.1369243482833773, 0.21536702492567864, 0.25563993039075494, 0.5741684528062181, -0.7078472222222228, -0.6880124545926322, 0.35387931034482795, -0.11080246913580101, 0.5030171022910551, -0.12727864583332282, -0.6876336128926148, -0.4777494002012238, 0.032909441233145764]"
2.0,1.0,LONG,13,1,1,12,13,0,11.769849112957022,2.616122835522697,9.153726277434323,13,"[-0.26118401866433055, 0.3695162359178289, -0.6023727704140042, 1.058416565164436, 1.5938061465721067, 0.4313626255655243, 0.1619343530911383, -0.09258818866428875, -0.7060620374744103, -0.6383809970307849, 0.5539795114263272, 0.5481516144127252, 0.19954379562042945]"
2.0,1.0,SHORT,14,0,0,14,14,0,8.81041254419525,-0.6809354256710148,9.491347969866267,14,"[0.04648276893174481, 0.1369243482833773, 0.21536702492567864, 0.25563993039075494, 0.5741684528062181, -0.7078472222222228, -0.6880124545926322, 0.35387931034482795, -0.11080246913580101, 0.5030171022910551, -0.12727864583332282, -0.6876336128926148, -0.4777494002012238, 0.032909441233145764]"
2.0,1.25,LONG,13,1,1,12,13,0,11.769849112957022,2.3661228355227033,9.403726277434316,13,"[-0.26118401866433055, 0.3695162359178289, -0.6023727704140042, 1.058416565164436, 1.3438061465721136, 0.4313626255655243, 0.1619343530911383, -0.09258818866428875, -0.7060620374744103, -0.6383809970307849, 0.5539795114263272, 0.5481516144127252, 0.19954379562042945]"
2.0,1.25,SHORT,14,0,0,14,14,0,8.81041254419525,-0.6809354256710148,9.491347969866267,14,"[0.04648276893174481, 0.1369243482833773, 0.21536702492567864, 0.25563993039075494, 0.5741684528062181, -0.7078472222222228, -0.6880124545926322, 0.35387931034482795, -0.11080246913580101, 0.5030171022910551, -0.12727864583332282, -0.6876336128926148, -0.4777494002012238, 0.032909441233145764]"
