symbol,side,timestamp,label_end,price,atr,adverse_1m_atr,favorable_1m_atr,bad_1m,bad_close_1m,bad_3m,net_1m_bps,return_1_atr,return_3_atr,return_6_atr,body_atr,body_ratio,rejection_wick_ratio,extension_atr,ma3_slope_atr,ma3_acceleration_atr,ma15_slope_atr,volume_shock,volume_change,atr_regime,opening_gap_atr,short_side,pepe_asset,intrabar_adverse,risk_score,blocked
1000PEPEUSDT,LONG,1788908580000,1788908760000,0.0036727,3.2100000000000184e-06,1.8380062305296123,0.3426791277258462,1,1,1,-25.877910678792208,0.7788161993769108,1.2772585669781662,2.3676012461058953,0.7476635514017479,0.3870967741934852,0.22580645161295965,1.940030754997561,0.42575285565929866,0.24922118380049257,0.1329179646936861,1.7000926998802288,1.3004538645747585,0.8185295367615909,0.0311526479751629,0.0,1.0,1,0.24379661497992575,False
1000PEPEUSDT,SHORT,1788909120000,1788909300000,0.003658,3.359999999999995e-06,2.351190476190585,0.0,1,1,1,-31.147622607982452,0.7142857142857327,1.4583333333334516,2.351190476190585,0.7142857142857327,0.9230769230768846,0.0,1.9322164391151455,0.4861111111111936,-0.009920634920446947,0.13888888888896778,0.4169064167133686,0.42136629787115837,0.9642242203941118,-0.0,1.0,1.0,1,0.21682597486655705,False
1000PEPEUSDT,SHORT,1788909720000,1788909900000,0.0036559,3.3700000000000224e-06,1.4540059347180783,0.2670623145401445,1,1,1,-22.67408899313336,0.3264094955489511,0.4154302670622897,0.2373887240356125,0.3560830860533544,0.7058823529411165,0.0,1.4762087033391507,0.1384767556875157,-0.1186943620177419,0.19584569732937065,0.22260305987440276,0.1573889788312477,1.0415700819038902,-0.0,1.0,1.0,1,0.1656490759698851,False
1000PEPEUSDT,LONG,1788912120000,1788912300000,0.0036636,3.420000000000029e-06,0.029239766081824253,1.6374269005848212,0,0,0,-4.0890377088098,1.1988304093566966,2.10526315789477,3.333333333333291,1.1695906432748724,0.8695652173913249,0.13043478260867516,2.180387375105271,0.7017543859647966,0.3021442495125221,0.1988304093568107,0.8134862239931648,0.5260280754739393,1.1935089862153174,0.029239766081824253,0.0,1.0,0,0.24927518425337472,False
1000PEPEUSDT,LONG,1788912180000,1788912360000,0.0036666,3.29000000000002e-06,0.0,1.6413373860182339,0,0,0,-1.9149615856648061,0.9118541033434486,2.8571428571428763,4.468085106382912,0.881458966565382,0.5087719298245854,0.4736842105263198,2.8785869392725796,0.9523809523809587,0.22289766970630523,0.23910840932133562,1.2002396203745682,1.082945875586864,1.1476076972268998,0.03039513677806662,0.0,1.0,0,0.29115046132795586,True
1000PEPEUSDT,SHORT,1788913920000,1788914100000,0.0036934,8.339999999999954e-06,0.6115107913669182,0.10791366906473192,0,0,1,-17.147398318622713,0.47961630695445073,0.6834532374100728,2.1342925659472667,0.467625899280609,0.3250000000000253,0.3916666666666582,1.443466741031495,0.22781774580335762,0.1918465227817803,0.23581135091926944,0.3513843360947485,0.7261292679330877,1.2269216623758632,-0.0,1.0,1.0,1,0.19544772993978005,False
1000PEPEUSDT,SHORT,1788915600000,1788915780000,0.0036924,5.040000000000123e-06,0.7341269841269088,0.9126984126983911,0,0,1,-3.0573606191084663,0.5357142857142749,0.5357142857142749,2.063492063491977,0.5357142857142749,0.4285714285714089,0.571428571428591,1.4723569579484164,0.17857142857148234,0.2910052910053627,0.1944444444444896,1.192069247695843,1.916240836783833,0.5828161739197609,-0.0,1.0,1.0,1,0.23098691833547558,False
1000PEPEUSDT,SHORT,1788915660000,1788915840000,0.003689,5.2500000000000895e-06,0.6095238095238139,0.8761904761904619,0,0,1,-6.8464621984276475,0.6285714285714847,1.3142857142857343,1.5428571428571232,0.6285714285714847,0.39759036144583915,0.15662650602405986,1.8666022883732474,0.43809523809518963,0.26666666666656536,0.31746031746024406,0.9687479601901662,0.5724807239815822,0.6049432505617428,0.01904761904758821,1.0,1.0,1,0.2078235669775349,False
1000PEPEUSDT,SHORT,1788915900000,1788916080000,0.0036778,6.200000000000042e-06,0.8064516129031875,0.27419354838714527,0,0,1,-17.44129669911306,1.645161290322522,1.499999999999965,2.790322580645149,1.645161290322522,0.7555555555555306,0.24444444444446942,2.6919934241203114,0.500000000000035,0.4408602150538003,0.2956989247312433,2.243274123133262,2.7647165530846407,0.7020192489148939,-0.0,1.0,1.0,1,0.24211446838052053,False
1000PEPEUSDT,SHORT,1788916680000,1788916860000,0.0036615,9.049999999999944e-06,0.09944751381218768,2.2320441988950117,0,0,0,33.09053891847608,0.39779005524860694,1.5138121546961607,2.4861878453038773,0.3867403314917185,0.39772727272728614,0.5681818181818092,2.0773320275707157,0.5046040515654029,0.10313075506446785,0.22320441988947243,1.206636394001123,1.1871646567768823,1.0748856820476191,-0.011049723756888445,1.0,1.0,0,0.2368084044771245,False
1000PEPEUSDT,LONG,1788918660000,1788918840000,0.0036577,4.989999999999942e-06,0.9018036072143852,0.04008016032066445,1,1,1,-24.022200344478318,0.380761523046095,0.2605210420841886,1.9438877755511395,0.380761523046095,0.3114754098360761,0.24590163934423315,1.2100682307626258,0.08684034736139619,-0.026720106880442965,0.1763527054109062,1.3155326702044965,1.591126477215549,0.755050059264107,-0.02004008016037568,0.0,1.0,1,0.1993713763644277,False
1000PEPEUSDT,SHORT,1788920100000,1788920280000,0.0036394,6.080000000000061e-06,0.19736842105259872,0.3618421052631452,0,0,0,-5.951420261581211,0.21381578947369617,1.2499999999999822,0.9539473684210127,0.21381578947369617,0.22033898305085867,0.1355932203389843,1.4743607361042883,0.4166666666666845,-0.4057017543859766,0.16776315789473745,0.8896187258204195,1.1431867456345186,0.984429392557421,-0.0,1.0,1.0,0,0.193586524037216,False
1000PEPEUSDT,SHORT,1788920460000,1788920640000,0.0036242,7.710000000000052e-06,0.20752269779507498,0.47989623865111797,0,0,1,-5.097786752937483,0.5447470817120297,0.7133592736705351,1.9714656290531563,0.5447470817120297,0.6774193548386691,0.25806451612903675,2.101448416000613,0.2377864245567888,0.09943795935999714,0.14958927799390162,0.6998481887606157,1.273628041153489,1.3132718239886496,-0.0,1.0,1.0,0,0.19504745665703024,False
1000PEPEUSDT,LONG,1788922080000,1788922260000,0.0036476,3.6000000000000875e-06,0.11111111111105088,0.6944444444443992,0,0,1,-7.0682089867303075,1.0277777777777928,0.9444444444444745,2.944444444444354,1.0555555555555254,0.7307692307692404,0.21153846153845993,1.926874526723046,0.314814814814865,0.3425925925925976,0.027777777777612134,1.103327269849174,1.0702126626716115,0.6612177426761037,0.0,0.0,1.0,0,0.2685490586050682,True
1000PEPEUSDT,LONG,1788922140000,1788922320000,0.0036493,3.6000000000000443e-06,1.4722222222221344,0.0,1,1,1,-25.145316197625736,0.5000000000000361,1.8888888888888513,2.777777777777751,0.5000000000000361,0.6206896551725324,0.2413793103447657,2.1679658416383067,0.6296296296294966,0.31481481481462786,0.16851851851859984,0.6642786984841831,0.4044415141571623,0.6634110384225563,-0.027777777777853403,0.0,1.0,1,0.2620145923493702,True
1000PEPEUSDT,SHORT,1788922920000,1788923100000,0.0036365,3.2600000000000683e-06,0.7361963190184074,0.12269938650300138,0,0,1,-14.751546954488331,0.5521472392637058,1.901840490797519,2.515337423312792,0.5214723926379887,0.43589743589742447,0.35897435897435614,1.7810788785346179,0.6339468302660615,0.10224948875274505,0.15337423312898452,1.1518008688416665,0.7382608851704368,0.6355188771200247,-0.030674846625717088,1.0,1.0,1,0.2679507265629141,True
1000PEPEUSDT,SHORT,1788923340000,1788923520000,0.0036337,5.160000000000061e-06,0.3294573643410579,0.23255813953492865,0,0,1,-11.7246332801271,0.5426356589146935,2.3643410852712843,0.73643410852712,0.5426356589146935,0.7999999999999504,0.20000000000004955,1.3987482885262317,0.7881136950904561,0.5620155038759865,0.16666666666668348,0.6319766032063746,0.614108732372051,1.0371859296482389,-0.0,1.0,1.0,0,0.2408316874176387,False
1000PEPEUSDT,LONG,1788925020000,1788925200000,0.0036454,3.659999999999905e-06,1.092896174863443,0.0,1,1,1,-18.03138231744161,0.2732240437158904,2.4043715846995743,2.78688524590175,0.300546448087432,0.3142857142857037,0.20000000000004955,2.2771911684808956,0.8014571948999372,0.018214936247852417,0.22404371584697322,0.8627578288957756,0.45755154149933464,0.8519222562749426,0.0,0.0,1.0,1,0.24766001757100709,False
1000PEPEUSDT,LONG,1788928620000,1788928800000,0.0036965,5.220000000000094e-06,0.8620689655172572,0.0,1,1,1,-20.65164387934585,0.7854406130267937,2.126436781609157,1.4559386973179753,0.8045977011494512,0.8235294117647359,0.1764705882352641,1.9322008452013508,0.7088122605363303,0.46615581098327896,0.2145593869731482,0.428106005053734,0.6460201712893306,0.9583843329253598,0.0,0.0,1.0,1,0.24039078705686162,False
1000PEPEUSDT,SHORT,1788931920000,1788932100000,0.0036877,5.740000000000086e-06,0.1219512195122246,0.8885017421602777,0,0,0,-2.774628711664536,1.6550522648083308,2.5609756097560368,1.9512195121950646,1.6376306620209025,0.7966101694915235,0.20338983050847645,2.7363479085302034,0.8536585365854211,0.45296167247404184,0.32984901277591816,1.5914045292085535,0.9417131721275304,0.8470657681145268,-0.017421602787428277,1.0,1.0,0,0.2632263564262094,True
1000PEPEUSDT,SHORT,1788932400000,1788932580000,0.0036839,6.72000000000012e-06,0.2976190476190818,0.2529761904761679,0,0,1,-16.34582936561814,0.3720238095237877,1.6964285714285339,0.178571428571462,0.3720238095237877,0.7142857142856789,0.08571428571427156,1.6218759439370982,0.565476190476307,0.5505952380954433,0.18849206349210235,0.4587919598883978,0.903428839446994,0.9696036937283712,-0.0,1.0,1.0,0,0.20534276805292284,False
1000PEPEUSDT,SHORT,1788933840000,1788934020000,0.0036691,3.730000000000053e-06,0.4825737265415889,0.5630026809650515,0,0,1,-15.545229252406177,0.6166219839141427,1.1796246648793105,0.08042895442357878,0.6434316353887465,0.6486486486487152,0.1621621621621495,1.661402458045535,0.3932082216263205,0.3306523681856559,0.10723860589829881,0.6588194610170355,1.2188574849900893,0.6855567468218758,0.02680965147460377,1.0,1.0,0,0.2213678993186692,False
1000PEPEUSDT,LONG,1788934320000,1788934500000,0.003687,5.020000000000068e-06,0.21912350597608718,0.7370517928286175,0,0,0,-6.849850569568862,0.5378486055776842,1.4741035856573217,2.609561752987979,0.5378486055776842,0.7499999999999397,0.05555555555558232,1.9523181528623252,0.49136786188580267,0.03320053120847449,0.16865869853912302,0.6977611966713071,0.9468491362532703,0.9645190213910633,-0.01992031872506742,0.0,1.0,0,0.21784691943695542,False
1000PEPEUSDT,SHORT,1788936540000,1788936720000,0.0036948,2.570000000000003e-06,0.5836575875487149,0.15564202334622274,0,0,1,-13.895691336473137,0.9727626459143561,1.0505836575875518,2.607003891050623,0.9727626459143561,0.6578947368420812,0.18421052631583754,2.0097394856866466,0.35019455252912773,0.18158236057062133,0.24124513618668741,0.9234513556366908,1.3175036853567905,0.6227283741216372,-0.038910505836513495,1.0,1.0,1,0.22338191974923552,False
1000PEPEUSDT,LONG,1788944280000,1788944460000,0.0037348,3.64000000000011e-06,0.16483516483513408,0.3021978021977855,0,0,0,-9.859269465567051,0.1648351648352532,0.9615384615384409,2.1428571428571006,0.1648351648352532,0.26086956521751425,0.7391304347824857,1.6377457521755923,0.3205128205129328,0.22893772893791126,0.13003663003668783,0.7573583761989416,1.230294598235059,0.77342588001986,-0.027472527472601774,0.0,1.0,0,0.25948460770454396,True
1000PEPEUSDT,SHORT,1788945600000,1788945780000,0.0037129,4.670000000000108e-06,0.1498929336188787,0.8565310492505364,0,0,1,-6.879635608284471,0.5781584582441005,2.3340471092077233,1.3276231263383083,0.5781584582441005,0.9642857142856203,0.0,1.7430430853176722,0.778015703069334,0.585296216987998,0.2912205567451174,0.4844716993353311,0.9826011742882643,1.0295036190616351,-0.0,1.0,1.0,0,0.20657878934855992,False
1000PEPEUSDT,SHORT,1788946200000,1788946380000,0.0037118,3.3299999999999995e-06,0.5105105105104741,1.3513513513512705,0,0,1,-4.4519636295059515,0.5105105105104741,0.6606606606606442,1.2012012012011004,0.5405405405404561,0.9473684210524874,0.05263157894751258,1.4922208090028146,0.220220220220345,-0.13013013012987829,0.14814814814818,0.1025498674921016,0.5229275309012673,0.72525318523358,0.030030030030112162,1.0,1.0,1,0.19348378756172202,False
1000PEPEUSDT,SHORT,1788946260000,1788946440000,0.003709,3.479999999999933e-06,1.0919540229885223,0.4310344827586862,0,0,1,-8.762685198165244,0.8333333333333852,1.7528735632183583,1.5229885057470838,0.8045977011493981,0.451612903225811,0.27419354838709453,2.0198797288671293,0.5842911877394943,0.3735632183907118,0.17816091954017224,0.7860781796519493,2.4149086855370223,0.7602679871832033,-0.0,1.0,1.0,1,0.23633404065668373,False
1000PEPEUSDT,LONG,1788951600000,1788951780000,0.0036831,3.390000000000077e-06,0.973451327433582,0.1474926253687478,1,1,1,-20.95446815182728,0.5899705014749912,1.4159292035398254,3.1268436578170182,0.5899705014749912,0.689655172413855,0.20689655172409668,2.168559776060465,0.4719764011799418,-0.1573254670600659,0.17895771878068423,0.4509748747472801,0.5687712364903543,0.6370583813580688,0.02949852507369839,0.0,1.0,1,0.23894584185951603,False
1000PEPEUSDT,SHORT,1788951840000,1788952020000,0.0036616,4.5400000000001e-06,0.5726872246695333,0.5286343612334814,0,0,1,-6.807897927136149,1.4317180616739764,4.008810572687115,3.7004405286342745,1.4317180616739764,0.8124999999999797,0.18750000000002032,2.698790074243369,1.3362701908956094,0.24229074889857152,0.2026431718062013,1.4128154631737608,1.2452894882409915,0.8820386620470978,-0.0,1.0,1.0,1,0.32629635382036154,True
1000PEPEUSDT,SHORT,1788952620000,1788952800000,0.003651,5.6100000000000335e-06,0.6773618538324352,0.07130124777187596,0,0,1,-13.918433401806451,2.0677361853832434,2.5490196078431357,2.798573975044547,2.0677361853832434,0.8656716417910636,0.13432835820893638,2.648982878555279,0.8496732026144301,0.6060606060607138,0.26856803327394246,1.70732946140847,0.8463063261671201,1.1493546404425372,-0.017825311943007644,1.0,1.0,1,0.2747670383302415,True
1000PEPEUSDT,LONG,1788953100000,1788953280000,0.0036707,5.960000000000036e-06,0.654362416107349,0.7382550335570969,1,1,1,-21.529245579862337,0.4026845637583966,2.6342281879194474,3.05369127516775,0.3859060402684907,0.46000000000002256,0.5399999999999775,1.3744468052117917,0.8780760626398401,0.1454138702461665,0.05704697986565097,1.4061696820732448,0.8403900418100676,1.2524516671336545,-0.01677852348997867,0.0,1.0,1,0.30193810848077685,True
1000PEPEUSDT,LONG,1788954240000,1788954420000,0.0036963,5.639999999999942e-06,1.3297872340425896,0.2659574468084718,1,1,1,-27.68195300706065,0.31914893617024304,1.773049645390094,2.375886524822758,0.31914893617024304,0.4864864864865657,0.027027027026985846,2.689129311421162,0.5910165484633134,0.05319148936161747,0.28486997635934086,0.5622088422853613,0.2534441781194463,1.1291291291291115,0.0,0.0,1.0,1,0.19845851589609317,False
1000PEPEUSDT,LONG,1788956520000,1788956700000,0.0037272,4.670000000000021e-06,0.3426124197002209,0.3426124197002209,0,0,1,-15.217643432066287,1.3490364025695618,3.5760171306209974,2.762312633832996,1.3490364025695618,1.0,0.0,2.801361245108685,1.1920057102070611,0.8208422555318992,0.1812990720913073,1.028116809741187,1.436096891332655,0.8355947872245275,0.0,0.0,1.0,0,0.30245189525785254,True
1000PEPEUSDT,LONG,1788957360000,1788957540000,0.0037309,4.259999999999985e-06,1.3849765258216222,0.28169014084502736,1,1,1,-25.661422860435568,0.938967136150261,0.6572769953052335,2.1596244131455493,0.9154929577465426,0.8478260869565771,0.0,2.151201950136505,0.2190923317683094,0.28951486697956624,0.1564945226915914,0.6214922499664232,0.5037297935530193,0.803899984274253,0.0,0.0,1.0,1,0.2118362954277141,False
1000PEPEUSDT,SHORT,1788958140000,1788958320000,0.0037151,5.579999999999952e-06,0.4301075268817346,0.10752688172041422,0,0,1,-18.463998600306816,0.3225806451613204,1.6308243727599008,2.4910394265233697,0.3046594982079439,0.2786885245902257,0.5245901639343877,1.1693523294089136,0.5436081242533262,0.3225806451613981,0.1063321385901943,1.0991851534521984,1.1563869217329972,1.0768735927951005,-0.0,1.0,1.0,0,0.2555975657613885,True
1000PEPEUSDT,SHORT,1788959460000,1788959640000,0.0037093,4.4599999999999675e-06,0.4932735426008881,0.3811659192824868,0,0,1,-13.079017658318143,0.6053811659192895,0.7623318385650708,2.040358744394671,0.6053811659192895,0.8437500000000974,0.031249999999953412,1.5568483832592452,0.25411061285486153,-0.07473841554573055,0.2047832585949672,0.2614131089118699,0.6151250781150434,0.8800026308000845,-0.0,1.0,1.0,0,0.18884949444304683,False
1000PEPEUSDT,SHORT,1788960360000,1788960540000,0.0037058,4.279999999999909e-06,0.16355140186920433,0.1869158878504758,0,0,1,-11.459981623400104,0.11682242990656004,0.3971962616823244,1.0981308411215833,0.09345794392528857,0.2352941176472089,0.2352941176469538,1.0672195428040037,0.13239875389410813,-0.28037383177566305,0.05763239875395835,0.2498545764242084,0.3744748525454157,0.8702134869535579,-0.046728971962644285,1.0,1.0,0,0.2033231992008041,False
1000PEPEUSDT,LONG,1788960600000,1788960780000,0.0037216,4.589999999999976e-06,1.7211328976034774,0.15250544662313362,1,1,1,-31.06637025741544,0.1742919389978265,3.5076252723312225,3.137254901960782,0.19607843137261385,0.20454545454552622,0.6590909090908553,2.013950581546576,1.1692084241103444,0.05809731299911802,0.09150326797397465,1.5330469494716017,1.4515631867469576,0.9366709747636189,-0.021786492374787362,0.0,1.0,1,0.3386541880200957,True
1000PEPEUSDT,SHORT,1788961020000,1788961200000,0.0036746,9.880000000000002e-06,0.4251012145748761,0.8198380566801653,0,0,0,0.5258809938497853,1.872469635627559,3.5728744939271513,4.028340080971658,1.8623481781376527,0.8325791855203567,0.14479638009050022,3.182922752173904,1.190958164642413,0.6039136302294325,0.2476383265856728,1.7514256228834901,1.4327575095155118,1.907335907335911,0.010121457489862326,1.0,1.0,0,0.2746450879773097,True
1000PEPEUSDT,SHORT,1788963060000,1788963240000,0.0036507,9.899999999999926e-06,0.4848484848484565,0.07070707070708938,0,0,1,-18.303942024817275,0.32323232323233353,1.2020202020202129,1.8484848484848362,0.3131313131312957,0.5636363636363422,0.09090909090910525,1.6161894898029572,0.4006734006733459,0.06397306397294737,0.20942760942763763,0.461980257080541,0.36546474488808167,1.3245033112582703,0.010101010100993995,1.0,1.0,0,0.18505863072733839,False
1000PEPEUSDT,LONG,1788964200000,1788964380000,0.0036904,7.69999999999998e-06,1.4155844155844044,0.0,1,1,1,-36.643779685128195,1.0259740259740182,2.0129870129870038,3.4025974025974235,1.0389610389610104,0.7619047619047324,0.0,2.713607336714297,0.6709956709956303,0.16017316017305416,0.23463203463204985,1.6953717239668815,1.6413108366499491,0.9069493521790327,0.0,0.0,1.0,1,0.23579400629947783,False
1000PEPEUSDT,SHORT,1788965340000,1788965520000,0.0036629,8.060000000000055e-06,1.4019851116624815,0.07444168734495481,1,1,1,-42.86838451773076,0.2853598014888589,0.2977667493796578,1.8734491315136468,0.2977667493796578,0.4897959183673632,0.2857142857142731,1.283005847902485,0.09925558312655261,0.12820512820511923,0.22167080231588318,0.18619679993597074,0.38873870318430764,0.9927738544917141,-0.012406947890852704,1.0,1.0,1,0.18549512617718666,False
1000PEPEUSDT,SHORT,1788966180000,1788966360000,0.0036375,1.5029999999999992e-05,0.23952095808382387,0.9314703925482456,0,0,1,-18.051739134019286,0.7518296739853416,1.244178310046572,0.7984031936127655,0.7518296739853416,0.638418079096033,0.028248587570625483,1.5652646109523205,0.4147261033488477,0.27722333111554515,0.1224218230206198,1.0670825560591608,0.2480390619342377,1.8468911280412892,-0.0,1.0,1.0,0,0.18741916142656584,False
1000PEPEUSDT,SHORT,1788967200000,1788967380000,0.0036151,1.1010000000000013e-05,0.4268846503178781,0.45413260672114353,0,0,0,0.7320412436717193,0.2997275204359989,1.3169845594913872,0.23614895549501985,0.2997275204359989,0.34375000000004374,0.5520833333333187,1.4639932237563824,0.4389948531637432,0.06357856494090022,0.13866182258553184,0.7884287187159382,1.5431115990570796,1.1229919252018712,0.00908265213440869,1.0,1.0,0,0.22234928828307787,False
1000PEPEUSDT,LONG,1788969840000,1788970020000,0.0036109,6.889999999999934e-06,0.580551523947707,0.20319303338176672,1,1,1,-22.794151582707002,1.16110304789554,2.6705370101596793,2.3802612481858256,1.1465892597968064,0.8494623655913638,0.10752688172044114,2.099415411888529,0.8901790033865598,0.14029995162075568,0.1751330430574771,1.1136069568055527,0.6649206140484526,0.6220563672750754,-0.01451378809873359,0.0,1.0,1,0.28605621635350476,True
1000PEPEUSDT,SHORT,1788970200000,1788970380000,0.0035802,8.09999999999999e-06,0.9629629629629741,0.641975308641965,1,1,1,-23.73822750125721,0.9753086419753536,3.3703703703703827,3.79012345679016,0.9629629629629741,0.8571428571428503,0.03296703296702721,2.015706785711476,1.1234567901234251,0.2716049382715985,0.16378600823039038,0.8038377108266747,0.8774435019762737,0.814261300807561,0.012345679012325916,1.0,1.0,1,0.2890966799529126,True
1000PEPEUSDT,SHORT,1788970620000,1788970800000,0.0035728,9.160000000000114e-06,0.32751091703055973,0.8624454148471422,0,0,0,1.162842126624646,0.6113537117903529,1.539301310043645,1.2663755458515198,0.6222707423580682,0.8769230769230738,0.0,1.8168933558581897,0.5131004366811992,0.1928675400290532,0.15866084425036658,0.5473159471288102,0.5839555010250801,0.9658202266936264,-0.0,1.0,1.0,0,0.2098185894070114,False
1000PEPEUSDT,LONG,1788971460000,1788971640000,0.0036003,7.88000000000004e-06,0.0,1.0913705583756417,0,0,0,7.431159486709448,0.9137055837563628,1.1928934010152377,2.7284263959391044,0.9010152284264339,0.6068376068376404,0.18803418803418487,1.7716928761856463,0.39763113367169084,-0.012690355329983881,0.18612521150591657,0.6625957945668104,0.8484209128377952,0.9775259991316443,-0.012690355329983881,0.0,1.0,0,0.22571146584692547,False
1000PEPEUSDT,LONG,1788971520000,1788971700000,0.0036073,8.03000000000006e-06,0.5977584059775941,0.14943960149442553,0,0,1,-12.000000000000828,0.8592777085927442,2.0921544209215255,3.163138231631368,0.8717310087173112,0.8139534883720907,0.18604651162790933,2.361726012112418,0.6973848069739138,0.3071814030719317,0.2864259028642301,0.6129552574820203,0.5962130132046388,1.011016682404792,0.0,0.0,1.0,1,0.23692080726824405,False
1000PEPEUSDT,SHORT,1788975600000,1788975780000,0.0036126,4.1000000000000675e-06,0.5365853658536363,1.0731707317072725,0,0,1,-3.6907486297954377,0.4878048780488372,2.8048780487804965,2.4878048780487734,0.4878048780488372,0.689655172413855,0.2758620689655121,2.2314073388261466,0.9349593495936399,0.3170731707319346,0.22113821138206619,1.1277633920542733,0.8883042674337933,0.8274748562010282,0.02439024390239955,1.0,1.0,1,0.2637555295745926,True
1000PEPEUSDT,LONG,1788976560000,1788976740000,0.0036228,4.849999999999993e-06,0.0,0.4536082474227591,0,0,0,-8.965496149386228,0.22680412371133485,1.670103092783425,1.2783505154638386,0.2061855670102475,0.33333333333323695,0.5666666666667775,1.1934593320398583,0.5567010309277487,-0.04123711340217469,0.18144329896906788,0.947222142278072,1.9176973018997818,0.9948377833236446,0.0,0.0,1.0,0,0.2355552487883865,False
1000PEPEUSDT,LONG,1788976620000,1788976800000,0.0036239,4.4000000000000206e-06,0.06818181818190576,0.6136363636362648,0,0,0,-5.105493736030281,0.25000000000009115,0.8409090909091197,1.6590909090909047,0.25000000000009115,0.5000000000000986,0.4999999999999014,1.4164207515961404,0.28030303030313847,-0.3333333333331263,0.22878787878789889,0.4883815801338923,0.35067197930632327,0.9011161552377407,0.0,0.0,1.0,0,0.2135921810383648,False
1000PEPEUSDT,SHORT,1788977340000,1788977520000,0.0036089,5.160000000000061e-06,0.8720930232558354,0.17441860465113346,1,1,1,-21.704065435450744,0.27131782945743077,1.9573643410853063,1.3759689922481109,0.2519379844961377,0.3095238095238144,0.47619047619041227,1.4795959572209443,0.6524547803617408,0.2454780361757627,0.14470284237724038,0.8481617736359942,1.6552642908273838,1.1033892868598427,0.019379844961209036,1.0,1.0,1,0.23910910847132352,False
1000PEPEUSDT,SHORT,1788977760000,1788977940000,0.0035994,5.129999999999978e-06,0.09746588693958451,3.4892787524366518,0,0,0,19.134968494749202,0.6432748538011562,1.988304093567287,2.5730994152047098,0.6432748538011562,0.6,0.12727272727268427,2.411887338547597,0.6627680311891239,0.22742040285900234,0.27420402858997245,0.9180380310040673,0.2906776380008892,1.153284124545683,-0.03898635477585071,1.0,1.0,0,0.21932236831519572,False
1000PEPEUSDT,SHORT,1788979980000,1788980160000,0.0035948,5.3500000000000165e-06,0.598130841121508,0.05607476635513124,0,0,1,-13.948425600868513,0.3551401869158852,1.3084112149532785,1.4018691588784433,0.3551401869158852,0.43181818181819076,0.4772727272727631,1.564080935661314,0.43613707165109283,0.18068535825551296,0.1595015576323427,0.5089683250971669,0.6788488269038861,1.082922879697726,-0.018691588785016727,1.0,1.0,1,0.22903722329215526,False
1000PEPEUSDT,SHORT,1788980640000,1788980820000,0.0035825,6.849999999999999e-06,0.3211678832116709,0.10218978102192405,0,0,1,-12.837906531751573,0.23357664233577213,1.2846715328467468,1.3868613138686074,0.23357664233577213,0.4,0.32500000000001356,1.6798379602560378,0.4282238442822278,0.17031630170310125,0.17810218978110381,0.3598471709215073,0.5250093313982642,1.292615423323686,-0.014598540146025329,1.0,1.0,0,0.2048655051270138,False
1000PEPEUSDT,SHORT,1788982140000,1788982320000,0.0035814,3.2799999999998627e-06,0.518292682926814,0.18292682926840395,0,0,1,-12.000000000000503,0.24390243902427416,1.4329268292683048,1.1585365853658973,0.24390243902427416,0.3478260869563742,0.0,1.6704236933009986,0.4776422764227242,-0.0711382113822232,0.16260162601622685,0.40867275663154656,0.4919943180435814,0.7017794101914651,-0.0,1.0,1.0,1,0.20554642751311042,False
1000PEPEUSDT,SHORT,1788985560000,1788985740000,0.0035048,9.919999999999981e-06,0.32258064516125506,0.28225806451615826,0,0,1,-11.999999999999467,0.5342741935484066,1.4717741935483928,2.2782258064516396,0.5443548387096807,0.5242718446601975,0.4077669902912413,1.9973663932811434,0.4905913978494351,-0.04704301075271491,0.16801075268813637,0.729601250710192,0.09695964858395525,1.397019129210193,-0.01008064516131791,1.0,1.0,0,0.2268376162118206,False
1000PEPEUSDT,SHORT,1788987000000,1788987180000,0.003506,4.5400000000000565e-06,1.497797356828164,1.43171806167399,1,1,1,-28.838392170564905,0.6387665198237126,3.325991189427197,3.303964757709171,0.5726872246695387,0.6499999999999186,0.3500000000000813,2.5862719842367152,1.108663729809002,0.2643171806165044,0.21732745961815697,0.4182193353480735,0.313408917708047,0.5382229159668924,-0.022026431718026113,1.0,1.0,1,0.30924795477265765,True
1000PEPEUSDT,LONG,1788989220000,1788989400000,0.0035245,6.239999999999978e-06,0.2083333333332783,0.08012820512821604,0,0,1,-12.283557965667645,0.1762820512820475,1.9391025641025224,3.6057692307692353,0.1762820512820475,0.36666666666666187,0.6333333333333382,1.7115791723713418,0.6463675213674379,-0.19764957264965052,0.1730769230769383,0.774713894810648,0.9491649565802827,0.9614545081019985,0.0,0.0,1.0,0,0.26786668455395846,True
1000PEPEUSDT,SHORT,1788989700000,1788989880000,0.0035067,4.049999999999887e-06,0.0,1.1604938271605947,0,0,0,-8.005246898793155,0.9629629629629464,2.7407407407408173,3.777777777777828,0.9382716049382939,0.745098039215673,0.2549019607843271,2.1146991547914893,0.9135802469135343,0.16460905349782606,0.03127572016442419,0.7859735763118978,0.8259590912336818,0.7381755217351496,0.024691358024652492,1.0,1.0,0,0.316361675666241,True
1000PEPEUSDT,SHORT,1788990300000,1788990480000,0.0035006,5.209999999999981e-06,0.0,0.7293666026871397,0,0,0,-5.9974287122195244,0.3838771593090735,2.168905950095999,0.8253358925144081,0.36468330134356985,0.3653846153846202,0.3076923076922371,1.6680160456044357,0.7229686500320274,0.3646833013436531,0.2840690978887377,0.524258997511801,0.5130888048242231,1.043077847108682,0.019193857965420377,1.0,1.0,0,0.21919946367440019,False
1000PEPEUSDT,SHORT,1788991440000,1788991620000,0.0034796,7.69999999999998e-06,0.7272727272727468,0.02597402597398443,1,1,1,-27.240775563283815,0.5194805194805334,1.467532467532486,0.9090909090909194,0.493506493506549,0.3140495867768906,0.5950413223140217,1.5302050287859617,0.489177489177514,-0.012987012987048538,0.0770562770562702,0.9584709099104511,0.4047973500869972,1.3406070454413628,-0.0,1.0,1.0,1,0.24898422490942201,False
1000PEPEUSDT,SHORT,1788992160000,1788992340000,0.0034412,1.6890000000000003e-05,0.3256364712847757,0.343398460627605,0,0,1,-27.120075148203817,0.20130254588515042,0.67495559502664,-0.23682652457075765,0.20130254588515042,0.4594594594594943,0.08108108108107,1.362659707423598,0.22498519834221334,0.047365304914125855,0.19656601539373783,0.3228475846698489,0.7622393155110865,2.214501114461795,-0.005920663114284989,1.0,1.0,0,0.13836192975821157,False
1000PEPEUSDT,SHORT,1788994020000,1788994200000,0.0034401,4.000000000000054e-06,0.8249999999999682,0.2749999999999894,1,1,1,-21.598500523241313,0.2500000000000298,0.749999999999981,1.4500000000000428,0.2250000000000702,0.20454545454550607,0.3636363636363457,1.218540008314728,0.2500000000000298,-0.00833333333328373,0.10833333333333903,0.7267087203991796,0.9294829704459966,0.4659018111932984,-0.025000000000068034,1.0,1.0,1,0.2326432505366496,False
1000PEPEUSDT,LONG,1788994980000,1788995160000,0.0034438,5.420000000000078e-06,0.22140221402210242,0.7380073800738081,0,0,0,-0.6820947935417522,0.36900369003686406,2.675276752767444,3.1365313653136244,0.38745387453875924,0.5121951219511989,0.024390243902503522,1.348035814265212,0.8917589175890681,-0.03690036900387044,0.004920049200462715,0.4825597885462524,0.3988337144594767,0.7118465983714302,0.0,0.0,1.0,0,0.28699791502272815,True
1000PEPEUSDT,LONG,1788995040000,1788995220000,0.0034476,5.6900000000000785e-06,0.0,1.1423550087873295,0,0,0,4.813204229030079,0.6854130052724435,2.0035149384885402,3.8664323374340976,0.6854130052724435,0.7500000000000625,0.019230769230738756,1.7643378370828793,0.6678383128295134,-0.1816051552430264,0.08435852372586618,0.6626280752891388,0.9244418454079161,0.7506101180660996,-0.01757469244293007,0.0,1.0,0,0.2588895214759403,True
1000PEPEUSDT,LONG,1788995400000,1788995580000,0.0034633,7.420000000000039e-06,0.3234501347708956,0.09433962264153314,0,0,0,-12.865706161753504,0.2964959568733064,0.902964959568743,2.0889487870619687,0.30997304582213026,0.4259259259259646,0.25925925925924437,2.289736007443731,0.30098831985615027,-0.07187780772702156,0.2794249775381607,1.1300962728258348,0.3317906031632628,1.0359029248202543,0.013477088948765401,0.0,1.0,0,0.19594695140708038,False
1000PEPEUSDT,LONG,1788996360000,1788996540000,0.0034679,3.999999999999924e-06,0.3499999999999881,0.7500000000000054,0,0,1,-4.507165345021202,0.8499999999999556,1.5000000000000109,0.4249999999999778,0.7999999999999263,0.8421052631578047,0.02631578947375629,1.7511651659695076,0.49999999999996747,0.4166666666666938,0.0866666666665873,0.3601480893091516,1.2831514980579912,0.8084891359272162,-0.0749999999999897,0.0,1.0,0,0.23261013998201716,False
1000PEPEUSDT,LONG,1788997680000,1788997860000,0.0034727,2.779999999999927e-06,0.1438848920862602,0.5035971223021448,0,0,0,-11.424424770351944,0.683453237410087,1.0791366906474977,1.5107913669064343,0.7194244604316131,0.38461538461535894,0.46153846153848077,1.606410973990943,0.35971223021572857,0.2038369304555223,0.1390887290167442,1.32991104883902,1.8939916027857033,0.6570291881671539,-0.035971223021526055,0.0,1.0,0,0.25177960662257043,True
1000PEPEUSDT,SHORT,1788999540000,1788999720000,0.0034644,4.700000000000017e-06,0.06382978723403235,0.1276595744680647,0,0,0,-12.866470427779241,0.36170212765954735,1.808510638297829,2.531914893617016,0.36170212765954735,0.3207547169810981,0.13207547169814254,1.6923889399790484,0.6028368794325482,0.06382978723394007,0.12624113475176105,0.4047889832813567,0.30192584698583924,1.4349684510482403,-0.02127659574464669,1.0,1.0,0,0.2169507998660498,False
1000PEPEUSDT,SHORT,1789000380000,1789000560000,0.0034546,6.309999999999996e-06,0.9984152139460991,0.4120443740094674,1,1,1,-30.247497003994674,1.0301109350237716,2.2662440570523112,1.4580031695721096,1.0142630744849699,0.8767123287671428,0.10958904109589285,1.824661693846091,0.7554146856840809,0.30110935023764807,0.12044374009505923,0.6506073560630272,1.8392316327977363,1.7390106104450789,-0.0,1.0,1.0,1,0.21718276938410447,False
1000PEPEUSDT,SHORT,1789000920000,1789001100000,0.0034553,6.549999999999872e-06,0.0,0.6717557251909022,0,0,0,-5.629149104274514,0.2748091603053721,1.8015267175573144,1.4045801526717843,0.305343511450362,0.5263157894736422,0.2105263157894797,1.3435806986440393,0.6005089058524381,0.111959287531806,0.08549618320606427,0.4080527802751248,0.6165124022353036,1.5750871708548428,0.015267175572494924,1.0,1.0,0,0.21256830888675077,False
1000PEPEUSDT,LONG,1789002300000,1789002480000,0.003473,5.069999999999945e-06,0.2761341222879568,1.8934911242604218,0,0,0,4.114714310394852,1.1637080867850402,2.7021696252466114,3.9447731755424598,1.1439842209073594,0.920634920634914,0.0,2.590394344105429,0.9007232084155656,0.26298487836956,0.25246548323467155,0.7862957717188017,1.7000766202637534,0.9601666561454358,-0.13806706114402115,0.0,1.0,0,0.2572633761217215,True
1000PEPEUSDT,SHORT,1789003980000,1789004160000,0.0034515,5.060000000000047e-06,0.1976284584979624,1.8181818181818026,0,0,0,13.511460060843861,0.8102766798418772,1.1264822134387198,2.035573122529621,0.8102766798418772,0.8039215686274276,0.1176470588235094,2.162309149832361,0.37549407114615424,0.09881422924885264,0.19235836627137978,0.676736840346088,1.07287851791446,0.8267298423331493,0.019762845849770526,1.0,1.0,0,0.2113814319476714,False
1000PEPEUSDT,LONG,1789007580000,1789007760000,0.003453,3.999999999999924e-06,0.17499999999993984,0.7750000000000743,0,0,0,-6.500839574282341,1.3750000000001004,3.525000000000058,4.525000000000102,1.1750000000000917,0.7230769230769661,0.07692307692302047,2.6511792965831638,1.1749999999999832,0.40833333333319294,0.25000000000003797,0.7742091113456098,0.5210731907848598,0.7114483903480034,-0.02500000000006885,0.0,1.0,0,0.3110252056613026,True
1000PEPEUSDT,SHORT,1789010700000,1789010880000,0.0034708,3.8099999999999678e-06,0.551181102362237,0.1049868766404803,0,0,1,-17.477527068687902,0.3937007874016304,2.388451443569618,1.7847769028871407,0.3937007874016304,0.3409090909091447,0.5454545454545723,1.4112868753149097,0.7961504811896829,0.2974628171475722,0.10323709536303652,0.5960373921540311,0.27774331097743177,0.9974257166542999,-0.0,1.0,1.0,1,0.284929357976947,True
1000PEPEUSDT,SHORT,1789012320000,1789012500000,0.0034623,4.130000000000019e-06,0.3631961259079319,0.024213075060598794,0,0,1,-16.33497985443072,0.8716707021791414,3.6803874092009363,2.808716707021795,0.8716707021791414,0.8372093023255415,0.06976744186045339,2.4548590660761027,1.2267958030669437,0.2017756255042899,0.11622276029049619,0.6458836760565233,0.2465475495609324,1.0628806725572673,0.024213075060493788,1.0,1.0,0,0.29496306375786224,True
1000PEPEUSDT,SHORT,1789015740000,1789015920000,0.0034633,2.7599999999999588e-06,0.6159420289856297,0.03623188405791351,1,1,1,-16.6226433748155,0.21739130434779533,1.0507246376812203,1.3768115942029133,0.21739130434779533,0.23999999999997224,0.6799999999999792,1.4147183770943002,0.3502415458938449,0.13285024154604952,0.23429951690823878,0.40552652600817946,0.11067143677737357,0.9276791216178202,-0.0,1.0,1.0,1,0.22976906022522003,False
1000PEPEUSDT,SHORT,1789015920000,1789016100000,0.0034609,2.840000000000004e-06,0.0,1.2676056338027695,0,0,1,-6.795919876333714,0.35211267605638424,0.8450704225352306,1.8661971830986532,0.3873239436619616,0.47826086956525016,0.21739130434768672,1.78430398117471,0.2816901408450769,0.04694835680753826,0.14553990610333806,0.677915741911511,0.5323384786813903,0.9694487113841944,-0.0,1.0,1.0,0,0.20780352227453772,False
1000PEPEUSDT,LONG,1789016340000,1789016520000,0.0034708,3.220000000000046e-06,1.645962732919288,0.9006211180124483,1,1,1,-25.245477209865744,0.09316770186333814,1.9565217391303704,3.6335403726707263,0.12422360248454065,0.2666666666667823,0.13333333333339115,1.4464484561822273,0.652173913043367,-0.02070393374742344,0.07660455486537245,0.381267483909518,0.4209944374780423,1.1050734999714158,0.0,0.0,1.0,1,0.24269957642764675,False
1000PEPEUSDT,SHORT,1789016700000,1789016880000,0.0034526,4.260000000000114e-06,1.1737089201877142,0.7981220657277229,0,0,1,-13.159242368069075,0.49295774647888474,3.098591549295716,4.295774647887249,0.49295774647888474,0.5833333333333836,0.41666666666661645,2.573001326315737,1.0328638497652047,0.02347417840361583,0.19405320813767737,0.8030049267767221,0.6811859365646671,1.409507003419028,-0.023474178403819438,1.0,1.0,1,0.2749363258107723,True
1000PEPEUSDT,LONG,1789017180000,1789017360000,0.0034736,5.009999999999997e-06,0.07984031936123616,0.5588822355289993,0,0,0,-8.835156451518928,0.8982035928143179,3.073852295409193,4.3113772455089165,0.9181636726546919,0.6571428571428518,0.07142857142858028,2.241516954840484,1.0246174318030357,0.13306719893536473,0.041250831669921516,0.7364531695037665,1.2748470761546176,1.5408273104720906,0.0,0.0,1.0,0,0.27904225428713697,True
1000PEPEUSDT,LONG,1789018440000,1789018620000,0.0034728,4.020000000000065e-06,0.39800995024875946,0.0,0,0,0,-15.45335193503827,0.4228855721392665,1.9900497512436894,2.7363184079600864,0.39800995024875946,0.44444444444447123,0.5277777777777946,1.5541268805581567,0.6633499170813018,0.6799336650083424,0.15754560530693998,0.8463668083610925,1.4130963043328815,1.0576627932471114,0.0,0.0,1.0,0,0.26707028406164873,True
1000PEPEUSDT,LONG,1789019220000,1789019400000,0.0034742,2.849999999999988e-06,1.0175438596491708,0.21052631578944164,0,0,1,-13.15065344539856,0.1754385964912521,0.5263157894737563,1.5789473684211166,0.1754385964912521,0.23809523809530694,0.38095238095224326,1.1563031951705411,0.17543859649140425,0.11695906432785645,0.10058479532164917,0.31538624717201386,0.5018174462259186,0.7317073170731642,0.0,0.0,1.0,1,0.22447834871850256,False
1000PEPEUSDT,SHORT,1789020360000,1789020540000,0.0034654,2.5200000000000394e-06,0.3571428571427957,0.23809523809519714,0,0,0,-14.598661179084688,0.9523809523809607,2.3015873015871926,3.7301587301585473,0.9523809523809607,0.8275862068965363,0.1379310344828308,2.349990988739397,0.7671957671956735,0.13227513227486093,0.17195767195750852,0.6437205353694309,0.7187558661431049,0.7038123167155519,-0.03968253968247549,1.0,1.0,0,0.2705891122347979,True
1000PEPEUSDT,LONG,1789022460000,1789022640000,0.0034562,2.7899999999999974e-06,0.03584229390675265,0.6810035842293884,0,0,1,-9.975869350730846,0.28673835125448754,1.6487455197132643,3.082437275985702,0.28673835125448754,0.44444444444441766,0.38888888888895584,1.5945229578400892,0.5495818399044214,-0.1314217443251224,0.21983273596186184,0.388466559329539,0.7436753659676405,0.9079568259478237,0.0,0.0,1.0,0,0.23446577188169537,False
1000PEPEUSDT,LONG,1789022880000,1789023060000,0.0034615,3.02999999999996e-06,0.5610561056106715,0.6600660066006132,0,0,1,-10.267687332081497,1.1551155115511806,2.9702970297031177,1.5181518151815394,1.1881188118813042,0.7058823529412265,0.0,2.4206409728133775,0.9900990099009914,0.49504950495028105,0.28602860286016557,0.9284281212509845,0.6396230301581933,1.002426113806784,0.0,0.0,1.0,1,0.24920780167499246,False
1000PEPEUSDT,SHORT,1789023840000,1789024020000,0.0034539,2.690000000000071e-06,0.33457249070625855,1.003717472118937,0,0,0,-5.336865239293428,0.78066914498127,2.973977695167119,4.83271375464671,0.7434944237917395,0.9090909090908553,0.0,2.6057326134158734,0.9913258983889859,-0.1734820322183466,0.21561338289963186,0.279488075975828,0.3456241068239809,0.820956256358106,-0.18587360594797517,1.0,1.0,0,0.272483580122582,True
1000PEPEUSDT,LONG,1789028520000,1789028700000,0.003447,3.890000000000057e-06,0.33419023136248505,0.15424164524418957,0,0,0,-12.579866579635127,0.9768637532133492,2.4935732647813618,2.9048843187659417,0.9768637532133492,0.9047619047618556,0.0952380952381444,1.7496421232854418,0.831191088260454,0.5312767780633691,0.2193658954584723,0.5239818832190231,1.0265010881111034,0.9747337648778616,-0.025706940873994433,0.0,1.0,0,0.2541734775477349,True
1000PEPEUSDT,SHORT,1789029780000,1789029960000,0.0034344,3.3000000000000476e-06,0.7272727272726031,0.030303030303112738,1,1,1,-18.11827424004017,0.3636363636364329,2.363636363636354,3.363636363636315,0.39393939393941424,0.6842105263158376,0.15789473684208125,2.0821873707110874,0.7878787878788285,-0.010101010100949968,0.09696969696977678,0.4618567150872992,0.23951465837877647,0.8384856441094359,-0.030303030303112738,1.0,1.0,1,0.26613822413002275,True
1000PEPEUSDT,LONG,1789031040000,1789031220000,0.0034423,2.1599999999999226e-06,0.5555555555556894,0.41666666666661645,0,0,1,-12.29032915492607,0.5555555555556894,2.6388888888889723,2.9629629629631413,0.5555555555556894,0.48000000000011794,0.0799999999998751,1.489385316445958,0.8796296296298582,-0.06172839506156479,0.07407407407423915,0.6913519495953476,0.6696205162223249,0.6081651806663292,0.0,0.0,1.0,1,0.2845474685157367,True
1000PEPEUSDT,LONG,1789031280000,1789031460000,0.0034442,2.4199999999999828e-06,1.1157024793388557,0.4545454545454464,1,1,1,-19.83456284478222,0.8264462809918511,0.8264462809918511,2.520661157024895,0.8264462809918511,0.5714285714286422,0.42857142857135777,1.6366245916839977,0.27548209366406984,0.28925619834718375,0.09090909090891008,1.0394941078660849,0.7636165192037399,0.7116251715349847,0.0,0.0,1.0,1,0.26283505945746033,True
1000PEPEUSDT,SHORT,1789032720000,1789032900000,0.0034307,2.9299999999999033e-06,0.5119453924914044,0.4095563139932715,0,0,1,-10.541696956888535,1.8430034129693518,3.7542662116042735,3.242320819112721,1.877133105802211,0.9166666666667269,0.0,3.0814468271348106,1.2514220705345604,0.42093287827049647,0.2002275312857014,0.9699438518109347,0.49364117894686466,1.0456816559600015,0.03412969283271096,1.0,1.0,1,0.30804032632637635,True
龙虾USDT,SHORT,1788904620000,1788904800000,0.059736,0.00011560000000000042,0.3373702422145689,1.8944636678200362,0,0,0,5.085376506629393,0.8477508650519074,1.6349480968858217,3.425605536332172,0.8477508650519074,0.7716535433070806,0.22834645669291942,2.0376645505755735,0.5449826989618805,0.4036908881198959,0.20415224913493543,0.662530498033348,0.6767851161168427,1.0178445644517562,0.13840830449828775,1.0,0.0,0,0.20701207082082618,False
龙虾USDT,LONG,1788910740000,1788910920000,0.059044,0.00012450000000000032,1.8795180722891365,0.20883534136544724,0,0,1,-12.846318042476316,0.20883534136544724,2.3132530120481594,1.6465863453814966,0.24899598393571268,0.49206349206342914,0.23809523809525382,1.367809988332983,0.7710843373494423,0.23828647925036803,0.09156626506025428,0.8455248882294417,0.9748355601908321,1.0231615280307922,0.0722891566265224,0.0,0.0,1,0.2243957416150226,False
龙虾USDT,SHORT,1788911700000,1788911880000,0.058737,0.00013029999999999986,0.598618572524956,0.6753645433614573,0,0,1,-17.621635706625387,0.5679201841903128,1.8035303146584754,2.2026093630084107,0.5372217958557229,0.3932584269663009,0.19662921348315046,1.8767601973059007,0.6011767715528251,0.15093374264518689,0.15553850089529817,1.1897151439854834,1.6131000125290018,0.9982124616956048,-0.01534919416726833,1.0,0.0,1,0.2061922755458372,False
龙虾USDT,SHORT,1788912840000,1788913020000,0.057482,0.00024030000000000093,0.29130253849355114,0.7407407407407279,0,0,1,7.3219800198318445,2.992093216812324,4.398668331252594,5.472326258843107,3.0045776113191742,0.9174078780177861,0.04320203303684775,4.636599685842962,1.4662227770842076,0.9682341517547722,0.35649882091828594,2.1717530744337634,1.0416129322697953,1.6885672124235835,0.1081980857261679,1.0,0.0,0,0.2952110419068145,True
龙虾USDT,SHORT,1788916560000,1788916740000,0.057762,0.0001783,0.7122826696578918,0.3084688726864806,1,1,1,-27.93698358782644,0.13460459899048338,1.3236118900729115,1.7666853617498754,0.17947279865393892,0.3333333333333092,0.21875000000000452,1.2010435313001897,0.4412039633576631,0.3084688726865195,0.0553374462515796,0.27261578596026526,0.41884978361465264,0.681666125054958,0.0729108244531639,1.0,0.0,1,0.21238640513603932,False
龙虾USDT,SHORT,1788917760000,1788917940000,0.0578,0.00028950000000000015,0.13816925734026006,0.41450777202070826,0,0,1,8.773703460207948,0.5630397236614728,2.3212435233160575,4.024179620034538,0.5699481865284919,0.6875000000000018,0.06666666666667631,2.00979751642444,0.7737478411053604,0.04375359815777099,0.05480713874494865,0.365534144330911,0.22761774532797896,1.1592055737967504,-0.006908462866995027,1.0,0.0,0,0.23308961206640724,False
龙虾USDT,LONG,1788918120000,1788918300000,0.058994,0.0003453999999999992,0.9148812970468951,0.0028951939779994283,1,1,1,-54.01295257144749,0.7643312101910856,2.6172553561088514,3.4626519976838406,0.6919513607411601,0.6143958868894606,0.2467866323907467,1.7675946663881923,0.8724184520362904,0.09554140127390078,0.03242617255358958,0.5732906157309829,0.2536666088786924,1.326030482576813,0.0,0.0,0.0,1,0.25908575568669256,True
龙虾USDT,SHORT,1788921360000,1788921540000,0.057394,0.00016800000000000148,0.9285714285713991,0.005952380952386853,1,1,1,-35.53573661880827,0.17857142857139907,2.7499999999999587,2.714285714285679,0.17261904761905353,0.278846153846166,0.5288461538461493,2.420536172817352,0.9166666666666666,0.22817460317460908,0.1777777777777943,0.7313054956710194,0.7797579565676871,0.7243616921894045,-0.035714285714279814,1.0,0.0,1,0.26211559466329726,True
龙虾USDT,SHORT,1788921960000,1788922140000,0.057136,0.0002463000000000014,0.2476654486398628,1.0759236703207464,0,0,0,29.154615610123834,0.08932196508323614,0.11774259033699182,0.42224928948436596,0.09744214372717439,0.20338983050850148,0.32203389830505386,1.2427542559659832,0.03924753011232122,0.08796860197586615,0.1951549600758115,0.5732249707818052,0.5238508053007542,1.1414668057003878,-0.0,1.0,0.0,0,0.15395422306400558,False
龙虾USDT,SHORT,1788923460000,1788923640000,0.05627,0.0001789999999999986,0.737430167597772,0.8826815642458081,0,0,1,-14.489497192109507,0.2849162011172955,0.6927374301675981,0.13407821229048286,0.3351955307262459,0.659340659340677,0.05494505494503735,1.2336329424562962,0.23091247672255857,0.2271880819366946,0.12402234636867727,0.5679136585360319,0.681194061871254,0.977225371463919,-0.11173184357541531,1.0,0.0,1,0.17020844806466587,False
龙虾USDT,SHORT,1788924180000,1788924360000,0.055883,0.00016680000000000305,1.037170263788947,1.0131894484412434,1,1,1,-37.42547950181527,1.2170263788968294,0.4256594724220227,2.380095923261315,1.2170263788968294,0.8493723849372059,0.06694560669456869,2.3441167320429175,0.1418864908073825,0.04796163069549073,0.19624300559556093,0.5737067436776828,0.6928874818693601,0.9057915267583354,-0.0,1.0,0.0,1,0.17876454198377087,False
龙虾USDT,LONG,1788924840000,1788925020000,0.056638,0.0002024999999999992,0.9777777777778001,3.432098765432118,0,0,1,56.64059808785655,0.9185185185185155,3.1308641975308893,4.187654320987678,1.007407407407425,0.4473684210526396,0.10526315789473605,2.3605246454935016,1.0436213991769632,0.10699588477364433,0.15967078189298167,1.1791253476505994,0.7048404704405278,1.0664630292816455,0.09876543209876179,0.0,0.0,1,0.25639087647620457,True
龙虾USDT,LONG,1788925740000,1788925920000,0.058301,0.0003587,1.2573180931140229,0.0585447449121834,1,1,1,-70.96873418980724,1.2712573180931086,3.9531642040702417,4.717033732924447,1.2851965430721946,0.6306429548563597,0.3693570451436403,3.827241360315404,1.3177214013567602,0.210017656351689,0.3126103521977517,0.9083854452940736,0.7051792701420191,1.6068988688542938,0.0027878449958210205,0.0,0.0,1,0.2682144881112959,True
龙虾USDT,SHORT,1788927120000,1788927300000,0.05687,0.00016959999999999892,0.9551886792453034,0.011792452830159634,0,0,1,-17.102409257956715,0.8962264150943415,1.7275943396226618,2.971698113207592,0.9492924528302031,0.9415204678362792,0.05847953216372086,2.270341491251446,0.5758647798741934,0.265330188679185,0.19732704402513218,0.6287149099286881,0.6913716325143914,0.639212040503525,0.011792452830200547,1.0,0.0,1,0.21515907862667888,False
龙虾USDT,SHORT,1788927720000,1788927900000,0.056393,0.00017339999999999925,1.3148788927335642,1.1591695501730142,0,0,1,-16.61326783465959,0.22491349480967437,3.2410611303345007,2.3529411764705905,0.23068050749710808,0.23668639053253127,0.0,3.106023861284506,1.0803537101115268,0.44213763936957057,0.3971549404074996,0.3426555329333663,0.17726909604283428,0.6633723339815696,0.01153402537486741,1.0,0.0,1,0.20437237776606992,False
龙虾USDT,SHORT,1788929820000,1788930000000,0.055731,8.950000000000208e-05,0.033519553072580914,1.8212290502793256,0,0,0,15.828857861873788,0.5921787709497565,2.648044692737381,2.636871508379828,0.5921787709497565,0.803030303030327,0.0,2.7505488872064148,0.8826815642458194,0.15270018621975925,0.21154562383610587,0.49700622295041613,0.21966030342675397,0.5495742590470105,0.011173184357475285,1.0,0.0,0,0.22822934237688747,False
龙虾USDT,SHORT,1788931200000,1788931380000,0.055064,0.00013340000000000018,0.5997001499250122,0.4572713643178296,0,0,1,-21.449223194827482,0.32233883058471746,1.521739130434794,0.6821589205397353,0.3073463268365766,0.6721311475409892,0.0,1.5215215488932419,0.5072463768115459,-0.2973513243379373,0.12743628185904168,0.4028782567182196,1.0538259183393306,0.9606913520974653,-0.0074962518740704556,1.0,0.0,1,0.1755394802059873,False
龙虾USDT,LONG,1788935940000,1788936120000,0.057914,0.0003209999999999991,0.6666666666666652,0.43302180685358455,0,0,1,-18.55751664537089,0.676012461059198,2.352024922118383,2.0155763239875504,0.676012461059198,0.4446721311475491,0.5348360655737701,1.7535997935393022,0.7840083073727655,0.02596053997918555,0.18587746625131873,1.105162036823364,1.4565043031428095,0.8246169127815582,0.0031152647975109127,0.0,0.0,1,0.2512310171390218,True
龙虾USDT,SHORT,1788937740000,1788937920000,0.056872,0.00018110000000000072,0.5080066261733928,0.0,0,0,1,-21.148825889717852,1.2424075096631426,2.3302043070126843,2.9431253451131787,1.1540585311981948,0.547120418848151,0.41623036649216283,2.509186798824965,0.7767347690042152,0.4380636848886456,0.19952144303327868,1.0498278835559904,0.9323506602588818,0.6221194199048465,0.21535063500830565,1.0,0.0,1,0.25762612203421054,True
龙虾USDT,SHORT,1788939180000,1788939360000,0.057094,0.00022609999999999853,0.25652366209643024,0.2521008403361427,0,0,0,-12.70101940659235,0.1636444051304845,1.5214506855374006,1.238390092879276,0.28748341441841213,0.3846153846153941,0.04733727810651446,1.1804604160650716,0.5071502285124566,0.01769128704115005,0.13592805543269096,0.3807293288203841,0.6291800257999292,0.8590860732559863,0.0309597523219819,1.0,0.0,0,0.18526080885037735,False
龙虾USDT,SHORT,1788940440000,1788940620000,0.05652,0.0001788999999999999,0.22358859698154496,0.5701509223029513,0,0,0,3.402017754777996,1.430967020681942,2.3700391280044775,3.06316377864729,1.3471212968138528,0.7438271604938264,0.25308641975308416,2.315672838099287,0.7900130426681203,0.29625489100050634,0.15315818893234703,1.0492920534805985,1.0734801330938852,0.8142304483046345,-0.044717719396316746,1.0,0.0,0,0.2619424488980716,True
龙虾USDT,SHORT,1788940920000,1788941100000,0.054363,0.0005694999999999999,0.479367866549597,1.0588235294117638,0,0,0,38.43217145852975,2.2686567164179134,3.0149253731343224,3.125548726953463,2.2914837576821787,0.9856495468277959,0.0,3.3352176492518466,1.0049751243781115,0.9411764705882385,0.3021363769388442,1.7607834236772995,1.1019940963869874,2.294351075330188,-0.0017559262510992103,1.0,0.0,0,0.2103516921992594,False
龙虾USDT,LONG,1788942960000,1788943140000,0.057427,0.0005128000000000008,0.5226209048361876,0.14235569422777594,0,0,1,-55.15935229073383,0.200858034321384,0.7117784711388527,1.7823712948518013,0.2535101404056258,0.3927492447130088,0.48640483383684435,1.3546097540319282,0.2372594903796266,0.3341133645345993,0.15262610504420174,0.5248074157722624,0.47815172799411526,1.1273509378103,0.0058502340093526855,0.0,0.0,1,0.1960552187962412,False
龙虾USDT,LONG,1788946200000,1788946380000,0.05915,0.00038889999999999964,0.10285420416559117,0.6171252249935649,0,0,0,11.485478774302225,0.15942401645667167,0.7431216250964203,0.34713293905887466,0.2031370532270399,0.24233128834354528,0.7361963190184178,1.496178400243161,0.2477072083654675,-0.14485300419989416,0.05331276249248697,0.5129779739052504,1.025456892900371,1.0052862183505424,0.025713551041406716,0.0,0.0,0,0.21641408847572216,False
龙虾USDT,LONG,1788946440000,1788946620000,0.059401,0.0003696999999999985,0.11090073032188134,0.24885041925884563,0,0,1,-4.765407627818057,0.7492561536380865,0.4003245875033702,1.5796591831214406,0.7492561536380865,0.6155555555555557,0.14000000000000154,1.6510399810666354,0.13344152916777127,0.11540889009105558,0.16481832116131856,0.7895419352084228,1.1626802836091152,0.9585998271391482,-0.09737625101432111,0.0,0.0,0,0.17931547391198574,False
龙虾USDT,LONG,1788946500000,1788946680000,0.059443,0.00034199999999999785,0.652046783625738,0.017543859649120173,1,1,1,-49.49242318691811,0.02046783625731025,1.1403508771929736,1.070175438596493,0.1257309941520313,0.3233082706766639,0.3684210526315982,1.725619623921806,0.38011695906434484,0.23586744639380341,0.23840155945417665,0.8506844246068325,0.700244136457563,0.8928959941517859,-0.002923976608169788,0.0,0.0,1,0.18727632071764017,False
龙虾USDT,SHORT,1788947400000,1788947580000,0.058091,0.00028809999999999947,0.0,0.8642832349878503,0,0,0,30.717256098191214,0.5761888233252336,1.773689691079481,1.3051023950017426,0.49635543214163313,0.4097421203438574,0.5644699140401104,1.6805778884334617,0.5912298970264777,0.4489181996991386,0.30452389216709413,0.8479336486155297,0.8590997739639284,0.7811610314253941,0.1284276292953918,1.0,0.0,0,0.21006788532988774,False
龙虾USDT,LONG,1788948660000,1788948840000,0.05923,0.00042120000000000075,0.03323836657170014,0.496201329534664,0,0,0,-0.694951316898634,0.3703703703703612,1.4719848053181255,0.9710351377018018,0.41073124406457556,0.5242424242424166,0.4757575757575833,1.589768604263329,0.4906616017726975,0.20417853751184403,0.17647989870212688,0.6559226946140595,0.4688790767286729,1.0873699518961875,0.047483380816712134,0.0,0.0,0,0.20827302413470225,False
龙虾USDT,SHORT,1788951180000,1788951360000,0.059524,0.0003487999999999991,0.12614678899083281,0.6852064220183592,0,0,1,-7.46129269706391,0.7626146788990913,1.849197247706446,2.1989678899082734,0.8056192660550578,0.6286353467561557,0.18568232662192213,2.036987348842591,0.6163990825688286,0.036314984709483376,0.17660550458716195,0.5089327641390932,0.24225245175195992,0.8364708985826975,0.00860091743118139,1.0,0.0,0,0.21738734044065108,False
龙虾USDT,LONG,1788952740000,1788952920000,0.060466,0.0002817,1.1430599929002339,0.0887468938587298,1,1,1,-50.84149964442794,0.8022719204827725,2.8399006034788856,2.6588569400070985,0.8626198083067098,0.47460937500000167,0.42382812500000494,2.2724125190262385,0.9466335344929536,0.3183055259732393,0.19855638385990138,1.0632544846651732,0.7259202168370962,0.7168030127609766,-0.05324813631523295,0.0,0.0,1,0.27832482146586435,True
龙虾USDT,LONG,1788962940000,1788963120000,0.065949,0.0005505999999999969,0.056302215764601427,1.6418452597166857,0,0,0,44.22184089978832,0.8935706501997985,1.8107519070105655,0.7428260079912984,0.8935706501997985,0.8092105263158033,0.16282894736840198,1.9255396708132195,0.6035839690034966,0.4794769342535197,0.10848771037654535,0.845681269544906,1.4025763274421579,1.0997410102597156,0.001816200508512764,0.0,0.0,0,0.21383223213151564,False
龙虾USDT,SHORT,1788963840000,1788964020000,0.064158,0.000758600000000001,0.5615607698391712,0.1608225678882294,0,0,1,-32.58655297858225,0.3638281044028632,1.1165304508304765,2.008963880833126,0.2926443448457681,0.4644351464435086,0.4372384937238455,1.52698474554532,0.37217681694348603,0.2992354336936341,0.15229809297829422,0.4497578549813136,0.8684138502181649,1.2297101605896228,0.07513841286578901,1.0,0.0,1,0.1915080638354762,False
龙虾USDT,SHORT,1788966420000,1788966600000,0.063824,0.0005202000000000026,0.27681660899652183,0.6074586697424244,0,0,1,-1.0257577870390933,0.4517493271818492,0.8246828143021852,2.04921184159937,0.4863514033064244,0.5,0.47430830039525895,1.5197262167869356,0.27489427143407064,0.2627194668717285,0.2838651800589585,0.4822805350509493,0.946425971044992,0.8346235610284424,-0.005767012687433652,1.0,0.0,0,0.18699360587336586,False
龙虾USDT,LONG,1788967200000,1788967380000,0.0654,0.0005378000000000008,0.6879880996652934,0.0,0,0,1,-32.78263100917351,0.18966158423206528,1.4391967274079762,2.698029007065834,0.3253997768687397,0.20022883295195484,0.6121281464530823,1.720203547928996,0.4797322424693082,-0.48345109706214895,0.13301103260195551,1.4945774586293588,1.0500487915613363,0.89157824933687,-0.013015991074761975,0.0,0.0,1,0.23398135164848105,False
龙虾USDT,SHORT,1788969300000,1788969480000,0.064115,0.00031360000000000415,0.29655612244896246,1.3233418367346723,0,0,0,-19.491039912656355,0.6281887755102045,1.6517857142856627,2.12372448979589,0.5676020408163114,0.7325102880658123,0.26748971193418764,1.6600909563273856,0.5505952380951914,0.14880952380952314,0.16071428571425844,0.5113071573692782,0.634452519497739,0.5867842563688425,-0.13711734693877806,1.0,0.0,0,0.22954822224264895,False
龙虾USDT,SHORT,1788969960000,1788970140000,0.06167,0.0006428000000000003,0.07778469197261118,0.4978220286247677,0,0,0,-0.9669525863461306,1.334785314250162,2.8718108276291323,3.400746733042936,1.2243310516490395,0.7348272642390348,0.0905695611577967,3.188630037962608,0.9572702758763667,0.5045633685957204,0.3099979257415521,1.2819407387255475,0.44079093838365246,1.3682709295642712,-0.018668326073436613,1.0,0.0,0,0.2223452619566181,False
龙虾USDT,SHORT,1788970440000,1788970620000,0.062037,0.0006561999999999985,0.13258153002133038,0.5272782688204813,0,0,0,-9.741928091300258,0.16763181956720397,1.0637000914355257,-0.5013715330691918,0.17982322462663872,0.31299734748010427,0.2997347480106135,1.2191067990782967,0.35456669714517874,0.3154526059128199,0.17667377831961603,0.4093527937588625,0.486018984836434,1.3423020145439868,0.012191405059434746,1.0,0.0,0,0.166554976871566,False
龙虾USDT,SHORT,1788970920000,1788971100000,0.061105,0.0005323000000000001,0.9111403343978945,0.1183543114784906,1,1,1,-82.57665028229985,0.6894608303588188,1.0050723276347937,1.0633101634416755,0.6443734736051154,0.6943319838056722,0.07287449392712796,1.899211316796656,0.33502410921160225,0.3857473855595249,0.05798735049158501,0.7697969267127727,0.8384602952336423,1.0912930274514625,0.0638737554010883,1.0,0.0,1,0.18902196484755285,False
龙虾USDT,SHORT,1788971760000,1788971940000,0.061163,0.00033130000000000106,0.18412315122245204,0.4618170842137032,0,0,0,-6.274152387881002,0.11168125565950876,0.7546030787805597,0.27165710836100065,0.23543616057951852,0.4041450777201681,0.2072538860103841,1.1107285633997315,0.2515343595935339,-0.020122748767487736,0.07324680551363777,0.3675575998156515,0.968501554327325,0.694309096434149,-0.06338665861756751,1.0,0.0,0,0.18824077973036143,False
龙虾USDT,SHORT,1788973080000,1788973260000,0.060309,0.0004060999999999995,0.30288106377739044,0.48510219157843626,0,0,1,4.093486021986772,0.6500861856685561,1.6523023885742398,2.100467865057869,0.46540261019453805,0.47132169576060434,0.29177057356608344,1.7759262976627683,0.5507674628580913,0.14035951736025995,0.18172863826645136,0.586456221243212,0.15816232447628215,0.9057285490723764,0.044324058113758204,1.0,0.0,0,0.21119231453114246,False
龙虾USDT,SHORT,1788973380000,1788973560000,0.060237,0.0003578999999999985,0.477787091366318,0.33528918692372883,0,0,1,-1.8672571592203917,0.30176026823136176,0.7460184409052932,1.0142497904442687,0.23190835428890777,0.44385026737967853,0.4866310160427488,1.4533294528167489,0.2486728136350719,0.3641613113532165,0.2153301667132363,0.5231271928997925,0.7005103570736739,0.7888704392164902,-0.025146689019284994,1.0,0.0,0,0.19180826351024952,False
龙虾USDT,SHORT,1788976560000,1788976740000,0.058921,0.0003934000000000014,0.6049822064056972,2.684290798169796,0,0,1,-6.395919680589727,2.610574478901872,4.1586171835281975,3.774783934926271,2.5724453482460485,0.9258920402561717,0.04117108874657202,3.242789492449293,1.3862057278427207,0.8515505846466368,0.20267751228604824,1.5806580743935288,1.5269077558641682,1.06685227955833,0.10930350788002344,1.0,0.0,1,0.3121222046881677,True
龙虾USDT,SHORT,1788976920000,1788977100000,0.058331,0.0008767000000000004,0.07756359073799314,0.6467434698300419,0,0,0,41.17687258918913,0.3228014143948881,0.050188205771646344,0.6752594958366624,0.2783164138245706,0.5147679324894591,0.22995780590717105,1.2757362397220813,0.01672940192388475,0.24523782365689495,0.17063989962358805,0.5030412478848758,0.76407304398337,2.187366153667027,0.046766282650849034,1.0,0.0,0,0.12656579660799358,False
龙虾USDT,SHORT,1788976980000,1788977160000,0.058032,0.0009247999999999999,0.07028546712803045,0.3114186851211111,0,0,0,31.105530138543955,0.37954152249134643,0.9277681660899629,0.9374999999999998,0.335207612456745,0.48818897637795183,0.4047244094488215,1.3855928317022317,0.30925605536332346,0.29339677047289336,0.16601787773933552,0.39939166392861414,0.5627956739694898,2.2542352224253506,-0.011894463667816959,1.0,0.0,0,0.15439925546055955,False
龙虾USDT,SHORT,1788977280000,1788977460000,0.057131,0.0007497999999999998,0.017337956788475762,0.6455054681248312,0,0,0,31.61019629448128,0.2080554814617184,0.5961589757268554,1.5724193118164842,0.1813817017871396,0.30357142857142444,0.46651785714286215,1.9915426062630395,0.19871965857562462,0.006223881924077952,0.30292522450430864,0.5593511528356938,1.1697212596631625,1.6522636540926465,0.08268871699119708,1.0,0.0,0,0.14375001528774153,False
龙虾USDT,SHORT,1788979260000,1788979440000,0.056502,0.0001568,0.006377551020414542,0.9885204081632362,0,0,0,-8.812360465116944,0.14030612244898716,0.5102040816326766,0.6313775510204201,0.28698979591838886,0.28846153846155387,0.5192307692307435,1.5023478607423066,0.17006802721089218,-0.16156462585030995,0.1692176870748428,0.8057749350645351,1.250229140034941,0.39155949556748704,-0.0,1.0,0.0,0,0.1980785999444906,False
龙虾USDT,SHORT,1788981120000,1788981300000,0.055508,0.0002245000000000004,0.3518930957683546,0.49888641425390107,0,0,0,-16.50655783850913,0.6636971046770428,1.9242761692650383,0.8151447661470035,0.6547884187082452,0.7538461538461577,0.12307692307693895,1.5689486317666015,0.6414253897549715,0.0252412769115674,0.12858203414994082,0.6339673302819542,1.4014685668049138,1.084139529642809,-0.035634743875283065,1.0,0.0,0,0.1984234178167263,False
龙虾USDT,SHORT,1788984300000,1788984480000,0.051645,0.0003258999999999998,0.15342129487571196,0.4449217551396328,0,0,0,0.9809668602963374,0.6443694384780668,1.0125805461798223,1.6999079472230725,0.635164160785514,0.9039301310043617,0.07423580786024533,2.579574743039797,0.3375268487266004,0.1442160171832016,0.3330264907435631,0.7845202682435731,1.2059549030911407,1.4075524394984213,-0.03682111077019046,1.0,0.0,0,0.14676532876419962,False
龙虾USDT,LONG,1788987660000,1788987840000,0.053486,0.00030890000000000014,0.22337325995467655,1.1330527678860567,0,0,0,10.982875172942592,0.16833926837162988,0.7510521204273098,2.12042732275816,0.33020394949821263,0.23448275862068602,0.701149425287359,1.3987198929420552,0.2503507068090808,-0.13272903852383694,0.2462501348872543,0.6689827301890304,0.6652046597156126,0.4466831355064174,-0.15215280025897834,0.0,0.0,0,0.225587699790606,False
龙虾USDT,SHORT,1788988320000,1788988500000,0.052172,0.0004736999999999991,0.4222081486172666,1.1230736753219457,0,0,1,18.110827234917338,1.1505172049820518,1.9400464428963582,3.8019843782985023,1.093519104918722,0.9168141592920376,0.08318584070796241,1.9408870398830935,0.6466821476321292,0.3708394905355109,0.13665470410243555,0.9067403589716518,1.2798165590633799,0.6744836718566446,-0.03588769263247447,1.0,0.0,0,0.23991952273192646,False
龙虾USDT,SHORT,1788988380000,1788988560000,0.052036,0.0005046999999999996,1.2244897959183692,0.1347335050525038,1,1,1,-114.49055012875614,0.2773925104022218,1.74559144045968,2.486625718248465,0.31107588666535463,0.21448087431694482,0.5122950819672112,1.888020759627124,0.5818638134865554,-0.02509741760783578,0.1698698897034629,1.9749090751687075,1.6995634671265787,0.7203688197008336,-0.04160887656033327,1.0,0.0,1,0.23380335701806507,False
龙虾USDT,SHORT,1788989220000,1788989400000,0.051805,0.00032849999999999964,0.7092846270928593,0.003044140030423325,1,1,1,-49.663740903387286,0.3835616438355991,1.859969558599699,2.8401826484018184,0.3835616438355991,0.32558139534881764,0.15762273901809987,2.226652708981384,0.6199898528666016,-0.03652968036524889,0.07123287671234939,0.9283007110208668,1.0094400617217256,0.6278409724367938,-0.003044140030423325,1.0,0.0,1,0.23167200798134838,False
龙虾USDT,SHORT,1788990780000,1788990960000,0.051787,0.00032349999999999946,0.16383307573415018,0.7635239567233312,0,0,0,-9.101782155752145,0.3276661514683218,1.9783616692426669,2.1514683153014014,0.28129829984544347,0.39224137931034314,0.2715517241379299,1.3025165842191766,0.6594538897475414,0.02060793405461737,0.04554353426067736,0.4967387505214279,0.7872145555946669,0.9227346412934444,0.0649149922720254,1.0,0.0,0,0.22660114480054094,False
龙虾USDT,SHORT,1788991740000,1788991920000,0.0491,0.0005864000000000002,5.925989085948155,0.42974079126875037,1,1,1,-372.2975332790212,3.8011596180081875,4.404843110504777,4.860163710777634,3.8011596180081875,0.7788259958071295,0.20964360587001996,4.317143624524178,1.4682810368349257,1.0720782173715315,0.3037744429285984,3.1769663256799032,2.371230212899934,1.8360956873878043,-0.0,1.0,0.0,1,0.33545962783610084,True
龙虾USDT,SHORT,1788999120000,1788999300000,0.04828,0.00045560000000000115,1.5254609306408966,0.4323968393327529,1,1,1,-116.24644265741337,1.5320456540825187,3.320895522388052,2.350746268656716,1.5320456540825187,0.6876847290640353,0.23842364532019575,2.42305152860403,1.1069651741293407,0.5172666081357644,0.19549312262217922,2.399618471290781,2.3152380021304775,0.8398775946613599,-0.08340649692713611,1.0,0.0,1,0.2822584393603596,True
龙虾USDT,SHORT,1788999840000,1789000020000,0.047018,0.0007247999999999997,0.07174392935982817,1.0016556291390697,0,0,0,73.97609855799772,0.3959713024282501,1.1534216335540795,1.5052428256070574,0.471854304635755,0.5989492119089282,0.20665499124343442,1.6627043799200893,0.3844738778513662,0.3504415011037587,0.2601177336276545,0.44081001491985217,0.9463828287193912,1.3707715002584697,-0.12555187637968254,1.0,0.0,0,0.16720887412399849,False
龙虾USDT,SHORT,1789000140000,1789000320000,0.046617,0.0005486999999999998,1.5053763440860226,0.1530891197375629,1,1,1,-97.42780957590655,0.2259887005649702,0.4337525059230949,1.0880262438490989,0.2733734281027963,0.5952380952381234,0.4007936507936461,1.8981273804681131,0.14458416864103163,0.2217362250166919,0.26365348399246946,0.43687909575096967,0.7623283182262486,1.0539559363054876,-0.0,1.0,0.0,1,0.16278552328517287,False
龙虾USDT,SHORT,1789002120000,1789002300000,0.046392,0.00024180000000000035,1.3440860215053698,0.3804797353184519,0,0,1,-37.45068242369327,0.26054590570719793,0.6038047973531848,1.4185277088502999,0.2646815550041417,0.3248730964467039,0.20304568527917674,1.3269016142541776,0.2012682657844045,-0.12544802867380736,0.15936035290874037,0.7269012343537113,0.8335434456467763,0.4877917571665853,-0.0744416873449301,1.0,0.0,1,0.18790064061085668,False
龙虾USDT,SHORT,1789003320000,1789003500000,0.045959,0.00033189999999999956,0.7261223260018032,0.25007532389273834,0,0,1,-0.025630942796595526,0.4639951792708694,0.8586923772220576,3.425730641759568,0.4639951792708694,0.5968992248062038,0.16279069767441923,1.6037719229429748,0.2862307924073665,-0.14361755548858451,0.1016370392688798,0.9789909121517644,1.559103583688957,0.788741989401056,-0.03615546851460723,1.0,0.0,1,0.19737932431111574,False
龙虾USDT,SHORT,1789004400000,1789004580000,0.04543,0.0003413000000000013,0.2549077058306575,0.25783767946087743,0,0,0,1.2150567906660734,0.3105772048051612,0.9610313507178454,1.6612950483445528,0.18165836507471234,0.3054187192118178,0.2709359605911281,1.1792832397410407,0.32034378357264226,-0.015626526027880214,0.09747045609921848,0.759337022947817,0.7884647921865902,1.017287630402389,-0.12012891883972814,1.0,0.0,0,0.19598574053841825,False
龙虾USDT,SHORT,1789007460000,1789007640000,0.045259,0.00026629999999999915,0.2440856177243814,0.2215546376267506,0,0,1,-11.336750668373755,0.24408561772435533,0.4806609087495178,1.3218174990612064,0.2478407810739648,0.32512315270935116,0.4827586206896717,1.378750595171921,0.16022030291649722,-0.04130679684570423,0.2581048942295189,0.6542668139721146,0.5926770313774414,0.5822058818170864,0.16522718738266057,1.0,0.0,0,0.17740365820298187,False
龙虾USDT,SHORT,1789008420000,1789008600000,0.044735,0.00031829999999999847,0.43983663210808016,0.706880301602253,0,0,1,-37.94603907455068,0.5655042412818111,1.6870876531573937,1.7719132893496632,0.662896638391445,0.49764150943395175,0.49764150943396807,1.7681975426420202,0.5623625510524427,0.08692009634515264,0.11226306419521331,1.3808311443223737,1.4012410369072152,0.7257319830518102,-0.04712535344013276,1.0,0.0,0,0.2442514504855481,False
龙虾USDT,SHORT,1789009860000,1789010040000,0.044356,0.00038960000000000036,0.3182751540041042,0.8906570841889111,0,0,1,46.87740397015117,0.3336755646817198,1.2705338809034779,2.5462012320328515,0.4158110882956759,0.839378238341951,0.0466321243523426,1.3695015504823762,0.4235112936344748,-0.03251197809721432,0.0793976728268224,0.3536260072982857,0.23261571349947033,1.2528271145745153,-0.04876796714578585,1.0,0.0,0,0.18819521614882653,False
龙虾USDT,SHORT,1789010160000,1789010340000,0.044139,0.0003726,0.29253891572733476,0.30595813204507794,0,0,0,-11.319921124177393,0.6602254428341283,0.7997852925389148,0.9608158883521127,0.6521739130434787,0.6903409090908996,0.014204545454559455,1.4446424235212045,0.26659509751295296,0.4991948470208932,0.14081230989443727,0.5142107193395252,0.7105082604815792,1.205448133809274,-0.08051529790658966,1.0,0.0,0,0.1716041308776925,False
龙虾USDT,SHORT,1789010880000,1789011060000,0.043976,0.00027569999999999955,0.09430540442509354,0.3518317011244107,0,0,0,-7.676868985355394,0.15959376133479306,0.5041712005803426,0.6238665215814249,0.23576351106275903,0.3757225433526169,0.2947976878612865,1.1515621878098332,0.1680570668601226,-0.09188731713213145,0.10784669326561579,0.36845465374900477,0.6338708773409223,0.9216677160002006,-0.05440696409140786,1.0,0.0,0,0.179335850558416,False
龙虾USDT,SHORT,1789011060000,1789011240000,0.043721,0.0002782999999999994,0.2694933524973009,0.8084800574919276,0,0,0,12.716910729399748,0.5066475026949426,0.8695652173913032,1.3690262306863106,0.6252245777937511,0.5471698113207584,0.1383647798742218,1.632006418112356,0.28985507246376774,0.11618157863217991,0.09342436219905965,0.6470037505445294,0.5904268579359822,0.933782944956129,-0.007186489399935338,1.0,0.0,0,0.19138733763256346,False
龙虾USDT,SHORT,1789012020000,1789012200000,0.043373,0.00018570000000000115,0.43080236941301153,0.30156165858912304,0,0,1,-21.919950695132357,0.23155627355951053,0.09154550350024813,0.6300484652665499,0.37156704361873555,0.6216216216216183,0.2882882882883266,1.3784934512355231,0.030515167833428503,-0.04128522706869027,0.08616047388261726,0.4719485572533859,0.5223913961178945,0.6439420209445914,-0.0,1.0,0.0,0,0.18272792986909533,False
龙虾USDT,SHORT,1789012260000,1789012440000,0.042865,0.00020710000000000034,0.9367455335586644,0.29937228392080856,0,0,1,-11.999999999999496,2.2066634476098423,2.7329792370835495,3.0033800096571537,2.1921776919362737,0.7479406919275131,0.22899505766062514,3.0463158126967644,0.910993079027861,0.8047642040882127,0.2285530339610319,1.6854796510140082,2.103383529775079,0.7380218448764333,-0.0724287783679435,1.0,0.0,1,0.2843181336718765,True
龙虾USDT,SHORT,1789015020000,1789015200000,0.040549,0.00026639999999999997,0.8220720720720608,0.1839339339339356,1,1,1,-48.767714974474586,0.4279279279279131,2.9091591591591515,2.0007507507507465,0.4279279279279131,0.6993865030674755,0.03680981595091529,2.181036063260662,0.9697197197197432,0.02127127127130123,0.13438438438439376,0.6167013895748051,0.44123054437849607,0.826025167308336,0.022522522522519003,1.0,0.0,1,0.22997267468166618,False
龙虾USDT,SHORT,1789018080000,1789018260000,0.039245,0.0004169000000000006,0.4029743343727376,0.40777164787719655,0,0,1,-2.5663901516119436,0.24466298872630793,2.4754137682897497,2.595346605900691,0.2470616454785291,0.2123711340206136,0.026804123711352358,2.2041217830409128,0.8251379227632444,0.111137762852808,0.1715839130087278,1.010898349776612,0.13828293333878605,1.4379746253298344,-0.0311825377788417,1.0,0.0,0,0.1988565209721857,False
龙虾USDT,SHORT,1789020660000,1789020840000,0.038229,0.0003622000000000007,3.406957482054104,0.0,1,1,1,-205.4247395825165,1.4053009387078812,2.3467697404748615,1.81667586968525,1.3942573163997722,0.537234042553192,0.20744680851063987,2.1603273401304253,0.7822565801583,0.566905945150013,0.15184980673660792,1.5725588407805615,0.8254737865170748,1.0777463140302448,0.0055218111540640425,1.0,0.0,1,0.24683042191382842,False
龙虾USDT,SHORT,1789021740000,1789021920000,0.03808,0.00023120000000000014,0.8693771626297563,0.10380622837371614,1,1,1,-50.88886748949413,0.1470588235294087,0.16868512110728498,1.137543252595152,0.15138408304498394,0.32407407407408595,0.4722222222221937,1.4322351528425536,0.056228373702448334,-0.19319492502879806,0.18713956170700471,0.5655665076031945,0.8835863675208471,0.6173647178199984,0.09948096885811086,1.0,0.0,1,0.1752481650684723,False
龙虾USDT,SHORT,1789022040000,1789022220000,0.0376,0.0002694000000000002,0.048255382331102874,0.9020044543429843,0,0,1,18.603458976065927,0.838901262063834,2.171492204899758,2.0155902004454136,0.794357832219743,0.6131805157593178,0.2578796561604615,2.3682576120494976,0.7238307349665688,0.21900519673346885,0.20019797079932858,0.796934052153444,0.31989264293741304,0.7744123875319807,-0.022271714922045497,1.0,0.0,0,0.23350830029656827,False
龙虾USDT,LONG,1789023780000,1789023960000,0.039314,0.0004226000000000001,0.3312825366777123,0.3738760056791254,0,0,1,5.286260212647875,0.6767628963558956,2.290582110743011,3.2252721249408327,0.674396592522481,0.683453237410072,0.03597122302158537,2.685992220387804,0.7635273702476539,-0.0157753588894524,0.2961034863543293,0.793853448744871,0.3549009396726192,1.2702579491315704,-0.07572172266918434,0.0,0.0,0,0.19608552229648804,False
龙虾USDT,LONG,1789024980000,1789025160000,0.039999,0.0005412999999999987,0.3232957694439349,0.4840199519674838,0,0,1,0.9925254631360937,0.5154258267134716,2.3240347312026572,2.1152780343617272,0.50618880472935,0.43910256410255877,0.3894230769230775,1.5427972186737782,0.7746782437342233,0.20075127778804155,0.038302851160789124,0.7281530600823742,0.757408624174295,1.3082568659518046,0.09237021984112609,0.0,0.0,0,0.24294822299050964,False
龙虾USDT,LONG,1789026180000,1789026360000,0.039852,0.0006613000000000001,0.49448056857704653,0.16785120217752908,0,0,1,-75.19602845528287,0.5141388174807198,2.2803568728262547,3.6428247391501603,0.5156509904733116,0.5404120443740115,0.45958795562598853,1.723962094743233,0.7601189576087586,0.41080699632038414,0.026916679268105807,1.001281047356518,0.8308257280027969,1.263139799186304,0.0045365189777651005,0.0,0.0,0,0.26734083116355767,True
龙虾USDT,LONG,1789027080000,1789027260000,0.040072,0.00034110000000000043,0.60979184989741,0.6596306068601459,0,0,1,3.961669794368486,0.8355321020228677,1.7854001759015086,2.2017003811199083,0.8560539431251839,0.6759259259259353,0.21064814814813643,2.070388819968778,0.5951333919671695,0.19055995309292154,0.036743867878417685,0.6381025498421914,0.8708264087426002,0.6136658031088092,0.10260920551158095,0.0,0.0,1,0.2481783647918332,False
龙虾USDT,SHORT,1789029060000,1789029240000,0.040548,0.0005190999999999994,0.5798497399345077,0.3968406858023465,0,0,1,-21.130463117787166,0.8283567713350034,2.84530918898093,3.8104411481410185,0.7994606048930826,0.560053981106612,0.3981106612685522,2.7080234094787463,0.9484363963269855,0.1939253836768881,0.18455018300904105,1.2672752161333887,1.1572990024300362,0.7709825782592112,0.1309959545366956,1.0,0.0,1,0.2641105773816622,True
龙虾USDT,SHORT,1789033620000,1789033800000,0.040324,0.00037789999999999975,0.1561259592484878,0.3810531886742482,0,0,0,-26.640264594287476,0.33606774278910345,1.8549880920878559,1.947605186557293,0.33606774278910345,0.5799086757991044,0.4063926940639271,1.8567242133272575,0.6183293640292669,-0.00088206756640707,0.18117667813353416,0.5212564095039803,0.13754068174668685,0.9796881278598003,0.12966393225721212,1.0,0.0,0,0.2108584857212281,False
